id,graph_c_louvain_community
26654,3
27423,11
40701,11
44452,9
44469,9
45399,15
45893,9
50110,9
64641,1
64645,1
71118,1
84151,9
96336,1
112842,0
119441,0
131401,6
146601,3
153000,3
154743,9
184784,9
186342,11
192860,0
196584,11
224775,15
232794,9
239449,10
288341,15
307726,5
363057,11
366973,7
393873,1
394627,1
403200,9
418607,11
429943,11
462366,11
466650,1
473827,11
495303,0
516823,0
526594,14
526705,0
529227,0
529256,1
571429,11
573892,5
638586,3
654048,11
666670,11
670171,0
702286,0
703124,0
703133,0
728817,0
738252,0
756619,15
762143,7
771141,12
774352,9
788710,0
790887,15
794506,7
817749,1
818228,0
820177,0
855991,12
883109,11
892352,1
921532,11
923427,1
950053,12
954935,11
955073,12
955446,3
959676,15
985003,11
990322,11
995337,1
1001438,1
1009656,0
1022764,11
1030061,3
1033151,11
1033162,5
1035588,12
1036076,14
1053838,1
1057144,0
1066718,1
1080121,5
1092407,11
1110760,11
1145641,1
1150719,11
1153863,4
1161630,0
1161888,0
1162480,12
1170889,0
1173944,0
1174893,11
1194984,0
1196880,2
1202446,3
1214297,0
1221275,5
1221280,3
1223097,10
1242683,0
1269925,11
1270535,11
1301718,11
1321398,11
1326015,0
1335133,11
1348067,11
1365638,4
1369701,0
1370412,0
1455503,7
1456369,11
1462084,12
1477940,0
1486931,0
1510402,0
1546244,1
1550684,0
1550882,14
1552251,0
1560504,1
1560977,6
1564089,0
1570103,0
1578070,3
1604069,11
1610027,11
1631083,11
1631386,0
1638995,1
1646214,1
1650864,9
1651958,15
1652086,11
1652220,11
1668445,11
1668582,11
1673003,11
1718208,12
1722517,12
1727775,6
1759486,11
1779167,5
1785285,10
1820689,9
1844121,15
1856109,14
1876510,11
1886850,0
1912746,10
1920804,11
1937092,1
1945120,0
1986934,7
2045208,3
2061445,11
2082829,3
2124858,11
2126181,11
2140635,15
2171366,0
2226745,11
2247703,0
2267889,11
2274060,11
2296506,5
2316147,9
2319682,0
2320893,9
2325040,11
2329180,15
2336683,11
2356555,14
2434313,0
2435178,11
2436090,11
2474185,15
2483875,1
2494635,11
2516271,15
2531934,6
2536696,11
2571251,11
2618025,15
2666562,11
2684516,15
2692019,11
2721128,11
2739614,15
2774695,0
2785516,11
2817835,1
2888365,1
2906218,1
2918244,11
2930411,11
2969361,12
2988248,1
2988568,1
2993831,1
2997407,1
3001121,1
3001761,1
3012895,0
3162666,1
3229123,5
3229169,11
3257244,3
3258149,0
3264728,15
3270314,0
3271579,0
3312043,11
3339294,0
3348401,0
3364609,6
3400979,0
3402217,15
3405698,0
3433957,9
3479225,5
3494354,9
3653931,1
3663617,0
3688648,1
3703115,3
3717620,5
3767719,4
3773198,0
3802093,1
3832790,11
3833838,11
3849815,15
3861314,0
3869807,0
3869911,11
3870028,11
3880929,11
3923307,11
3924298,1
3924719,1
3932510,11
3932792,15
3932950,11
3940044,0
3950705,1
3954077,11
3979252,9
3984769,11
3992907,11
4003578,11
4017360,0
4020596,0
4022320,0
4058460,0
4060423,1
4069551,11
4070051,15
4090549,0
4145383,0
4179790,5
4183535,7
4187372,11
4205747,14
4215778,0
4223559,3
4257135,1
4297755,11
4311914,11
4320380,12
4351332,0
4379003,3
4432286,11
4455897,4
4475813,0
4484889,12
4492200,11
4497919,0
4516591,11
4529616,2
4530973,11
4535652,3
4565516,3
4571957,10
4575879,7
4581378,0
4603634,11
4663579,5
4671883,14
4673452,0
4688281,11
4710136,0
4762850,3
4775138,1
4785648,5
4808701,3
4815187,11
4821682,3
4821997,3
4824175,11
4846295,12
4846849,12
4860596,0
4867420,9
4882159,0
4882336,3
4890367,0
4920566,11
4925824,1
4929467,0
4930281,14
4975152,11
4977164,11
4983319,11
4997904,7
5003079,0
5004095,0
5021916,12
5025880,11
5050864,1
5074952,11
5095202,3
5133003,11
5158581,11
5261334,0
5271542,11
5277539,1
5281143,7
5286926,10
5295570,11
5310461,3
5386570,11
5406504,11
5432639,11
5457912,0
5489928,14
5498767,11
5509560,1
5521420,11
5550758,11
5559784,15
5562649,3
5593310,11
5598800,3
5653187,11
5669029,11
5669069,11
5671613,12
5681246,12
5683127,1
5695072,0
5695073,0
5708517,11
5714619,0
5746685,0
5748902,11
5755271,11
5758430,3
5773475,15
5785794,1
5785888,0
5833228,3
5846208,0
5855569,4
5862723,12
5869076,11
5879297,0
5904291,5
5915611,15
5922059,13
5923285,13
5939911,11
5942478,12
5942736,11
5944987,11
5999578,12
6014387,0
6017439,13
6032221,14
6047019,15
6054403,0
6056440,15
6085693,11
6090639,0
6092042,3
6140766,0
6149212,0
6154561,1
6164502,11
6169759,11
6170154,0
6171161,11
6181897,0
6184196,14
6196536,11
6207209,0
6214925,15
6219856,1
6235796,11
6239007,12
6262561,11
6273842,0
6276416,11
6278049,7
6283763,12
6290257,11
6291691,11
6303860,9
6312390,11
6349559,7
6373829,15
6385830,11
6412306,11
6415622,11
6452493,0
6453150,11
6453260,14
6459022,5
6489917,11
6490981,15
6570486,0
6571733,11
6573213,11
6600810,11
6603099,12
6625373,13
6654427,15
6660761,11
6660859,11
6684624,1
6698902,12
6702138,11
6702236,11
6703398,11
6710966,0
6716459,0
6719639,11
6722629,3
6723815,12
6728860,0
6732046,11
6748289,5
6750576,11
6757590,11
6795787,11
6812686,0
6830631,13
6831764,13
6831953,13
6832028,13
6835569,10
6835863,0
6838049,1
6844443,3
6849285,13
6849449,13
6849452,13
6852254,11
6868389,9
6885500,0
6885585,5
6900656,12
6901381,15
6902115,0
6918683,2
6919553,7
6934833,1
6953301,11
6973336,3
6991714,14
6994934,0
7009449,11
7010281,0
7025918,0
7044846,5
7047706,11
7048865,7
7051022,11
7069679,15
7074789,11
7076178,0
7108294,2
7108538,12
7109515,10
7111369,5
7111731,3
7114792,11
7126527,11
7128493,0
7145948,0
7152131,0
7161086,1
7161172,1
7161326,0
7178052,3
7196373,13
7206665,12
7207033,11
7239188,5
7239730,11
7239879,0
7266618,11
7272408,0
7287577,0
7292203,11
7292777,12
7293707,11
7298076,11
7301383,14
7324823,0
7328113,3
7329506,6
7330089,11
7367199,1
7390728,0
7421319,0
7486942,6
7491397,1
7501176,15
7535686,15
7576926,0
7600332,11
7602169,11
7602269,9
7610557,1
7652310,11
7664696,14
7712600,3
7713898,15
7714064,15
7734057,11
7747861,7
7763946,11
7816016,11
7835351,3
7881333,11
7887415,11
7911486,12
7927697,11
7932311,11
7932941,11
7965463,10
7966411,11
7989703,11
7999412,1
8049895,9
8049960,11
8050424,11
8091843,6
8115740,11
8126630,12
8171113,0
8206016,11
8238735,13
8238835,13
8239154,11
8271489,12
8272028,2
8309118,11
8320116,0
8322430,11
8341174,2
8370787,11
8383293,0
8391219,1
8427466,11
8439515,11
8453138,11
8461590,11
8473294,1
8502841,11
8546395,11
8566821,3
8626281,10
8686454,0
8721479,11
8740736,0
8778656,11
8795104,6
8810194,11
8956730,5
8967384,11
8967912,7
8972905,11
9126561,11
9129567,1
9151259,11
9152620,0
9154864,0
9194415,11
9235120,0
9235974,11
9260908,11
9261177,11
9295372,11
9296362,12
9318001,14
9331373,11
9341429,7
9342514,0
9406020,11
9477844,11
9495542,11
9506054,0
9522855,0
9559386,9
9562945,3
9576150,11
9576490,11
9586519,11
9633662,9
9669076,11
9678743,11
9683357,11
9684449,11
9710405,11
9715990,0
9747934,15
9759940,0
9807916,0
9810956,0
9824726,9
9825742,3
9842889,11
9864534,1
9867972,11
9905358,11
9921186,1
10008169,11
10072094,11
10096536,3
10140286,3
10141898,11
10156168,3
10193915,11
10194076,11
10281165,11
10293648,11
10320806,11
10330822,14
10350830,11
10406485,10
10453290,15
10519511,11
10526925,11
10527638,11
10527892,11
10551641,14
10719537,13
10749631,0
10751000,0
10791293,15
10851687,11
10853135,11
10922780,11
10926633,3
10937741,11
10945810,10
11070773,7
11103932,11
11121115,12
11123445,11
11135880,0
11161939,11
11168201,11
11211367,14
11211594,14
11221319,7
11226618,6
11238363,15
11239943,15
11260423,10
11271448,11
11281893,0
11383887,11
11391372,11
11431453,15
11460693,14
11560658,11
11575466,1
11648181,3
11670372,0
11674218,11
11675421,0
11699928,11
11720018,11
11720805,1
11735427,0
11736165,8
11755970,1
11756970,11
11759175,1
11939869,11
11943375,11
11983579,11
11991308,11
12001668,11
12053960,14
12064625,5
12068731,0
12089611,5
12103273,0
12115883,3
12129574,11
12151689,15
12154745,1
12155400,11
12207102,11
12209213,14
12232822,14
12243222,0
12290314,12
12301555,5
12309358,15
12309629,0
12321012,11
12382195,11
12448135,15
12491241,11
12540888,0
12541588,0
12589422,11
12686160,1
12712286,0
12742291,11
12761302,11
12772089,11
12796693,11
12797045,11
12824971,12
12832568,0
12851291,11
12917920,14
12955428,11
12972630,0
12999726,0
13017854,11
13044092,3
13045766,2
13063013,11
13111728,0
13121978,11
13139555,11
13151442,11
13165935,11
13193454,3
13207421,11
13219490,12
13226219,11
13249281,11
13250777,1
13257078,15
13313258,0
13332789,12
13355749,15
13370172,11
13376406,11
13378611,11
13379170,0
13398654,0
13413180,5
13417473,11
13430984,11
13434610,1
13435785,0
13442888,11
13445857,3
13466201,15
13467418,0
13479047,11
13495822,0
13500820,0
13507026,0
13507324,0
13515991,1
13521682,13
13523146,11
13534060,1
13560521,6
13605154,3
13615924,11
13668031,14
13680086,11
13688093,11
13700342,11
13709194,11
13709458,0
13714557,7
13732381,1
13738928,1
13748621,0
13752602,11
13768736,1
13769161,0
13770273,0
13781103,0
13783591,11
13783756,11
13786132,11
13788645,9
13798532,11
13799890,9
13815302,11
13839654,11
13856424,2
13859099,1
13864717,1
13864741,0
13913810,1
13914949,14
13926487,11
13937219,5
13950414,11
13961098,11
13973714,11
13992933,11
13996537,11
13999221,3
14006241,11
14015984,15
14016370,11
14025998,0
14049700,15
14058602,0
14084357,10
14088602,10
14103157,2
14106058,0
14118230,1
14119601,14
14120099,12
14126008,11
14126057,11
14152093,1
14152527,1
14152531,1
14153652,12
14154796,11
14163229,11
14179325,1
14185882,3
14193275,5
14202538,11
14222612,1
14229049,10
14239170,11
14265901,0
14281702,11
14298268,11
14317572,12
14323050,11
14335973,11
14363763,11
14369423,5
14371841,9
14384510,1
14386680,10
14398733,11
14399559,11
14404315,11
14428511,11
14436694,11
14451605,13
14452458,11
14467976,11
14471969,7
14488992,1
14498872,11
14503735,2
14510316,0
14533481,5
14549864,0
14564854,1
14585169,11
14631324,7
14655584,11
14667141,11
14667672,14
14673711,14
14688728,11
14693852,11
14694632,14
14694749,0
14713151,0
14715527,11
14733628,14
14741990,1
14743083,9
14760262,7
14760481,11
14773050,6
14781093,14
14785868,1
14786347,11
14803375,0
14807748,3
14819833,10
14822179,5
14825340,0
14827229,0
14832965,11
14842829,11
14843375,15
14871622,1
14873227,1
14880265,11
14895546,1
14925943,5
14934987,1
14935968,1
14950713,3
14968987,11
14969912,0
14979347,12
14979419,11
14989354,0
14994417,1
15020288,7
15022502,9
15056269,11
15081835,9
15115175,11
15127074,15
15127295,11
15129415,11
15143572,11
15156856,14
15165467,14
15172919,15
15178135,1
15188473,11
15190509,11
15204934,0
15237035,11
15269706,11
15272252,0
15286188,12
15287959,14
15298184,5
15301438,14
15302170,10
15328353,15
15328698,11
15337331,14
15375820,0
15377883,15
15378721,14
15453354,1
15464020,0
15465463,3
15466223,2
15479043,11
15481779,11
15485811,7
15513401,1
15523450,11
15528267,11
15537875,1
15568866,11
15590063,6
15602540,0
15634524,11
15663250,9
15664293,1
15673991,1
15679146,14
15690154,1
15699861,0
15704243,11
15714676,11
15718503,0
15721381,12
15725175,5
15754980,5
15760005,5
15774882,2
15790385,9
15805110,0
15805528,0
15840224,11
15844124,11
15845514,0
15851389,12
15856257,14
15914714,3
15917764,1
15931558,1
15958129,12
15966226,3
15974160,1
16000929,9
16013706,11
16062738,12
16064743,0
16068466,11
16071746,15
16082947,14
16101911,0
16126125,15
16146675,3
16175000,3
16192485,12
16195047,0
16227624,12
16251382,11
16258018,12
16267754,10
16311162,7
16316014,11
16318820,15
16345760,12
16359399,0
16362158,5
16392995,1
16404948,11
16429884,0
16439850,11
16441788,1
16448099,1
16478649,0
16519421,12
16530629,0
16542740,14
16547885,11
16562471,15
16596958,11
16656372,1
16664283,11
16677074,11
16691389,11
16702612,0
16712953,11
16725255,14
16751622,11
16792551,4
16833290,13
16853376,0
16871817,1
16897015,11
16905106,1
16906073,10
16914306,11
16946596,0
16947853,1
16948208,11
16960691,9
16976254,11
16987118,11
16991761,14
16996346,0
17008688,11
17106988,11
17123470,10
17158410,7
17174826,3
17192041,4
17239489,11
17255252,3
17271344,9
17285575,0
17319601,11
17327411,3
17330866,11
17361546,11
17386627,1
17401540,0
17402566,10
17405388,1
17405824,3
17406201,11
17423728,11
17460790,11
17475939,12
17478107,11
17481771,1
17499180,7
17509997,11
17534845,11
17537298,0
17543682,11
17559704,11
17570124,0
17574083,13
17584515,0
17601135,1
17635720,11
17648273,0
17651364,1
17652557,11
17653899,0
17665724,11
17668748,11
17759006,11
17762866,12
17775946,11
17776994,3
17791940,12
17794236,5
17810700,11
17830497,4
17844492,11
17855818,10
17857409,9
17907923,1
17916057,11
17921274,11
17940579,7
17942852,7
17944845,15
17958061,11
17959396,11
17971401,3
17979234,3
17992801,4
18007042,9
18024165,11
18024250,10
18034395,1
18037900,0
18038670,3
18039432,3
18042860,11
18077029,14
18154899,11
18161463,5
18194505,11
18263790,1
18289730,0
18293577,1
18310561,11
18329896,0
18344391,3
18356893,3
18358593,14
18359404,0
18373549,3
18377465,5
18396377,14
18397880,11
18408663,0
18412333,0
18429613,1
18457439,11
18457960,11
18475177,1
18486829,11
18489228,11
18489992,11
18490862,11
18504192,1
18523342,1
18543832,12
18550498,11
18556893,15
18564432,3
18579525,1
18581775,0
18599719,14
18617340,14
18630022,0
18646853,11
18653241,1
18656326,3
18670446,15
18681182,4
18692940,0
18751074,7
18752660,0
18788443,3
18792060,12
18794901,1
18819132,3
18836917,0
18838211,0
18856610,11
18857174,5
18871035,1
18873418,1
18873955,2
18875140,2
18876549,3
18877364,14
18894131,3
18896650,1
18906712,1
18923975,0
18931170,5
18946244,4
18956091,5
18967545,12
18972306,3
18987965,5
18995830,0
19026400,11
19030538,10
19033422,1
19034743,0
19036029,12
19081283,15
19085132,15
19101805,1
19104115,3
19118608,0
19119990,7
19121165,11
19121960,10
19135742,7
19142506,0
19156440,15
19164173,11
19170008,7
19179151,1
19241527,11
19241807,0
19248121,14
19250130,14
19316065,11
19316355,0
19317016,11
19329369,12
19345920,14
19356315,1
19357728,5
19367417,11
19388399,2
19403136,11
19404923,11
19429944,11
19440396,10
19460180,12
19460610,3
19487345,1
19499530,0
19507294,3
19525403,2
19531218,0
19531504,11
19553934,15
19565789,5
19574238,11
19593508,10
19621698,11
19623790,1
19655045,13
19659087,13
19660231,13
19662594,11
19672835,11
19682162,3
19694276,6
19694550,12
19695488,11
19701022,11
19706966,11
19713268,3
19715503,6
19720572,11
19722570,14
19734408,4
19734987,11
19737661,11
19786381,11
19789082,0
19789849,0
19798186,0
19804467,0
19811591,7
19823052,0
19831959,11
19848460,11
19859592,3
19861644,4
19862646,1
19869520,10
19883471,3
19884839,11
19891685,0
19908212,11
19908732,11
19927804,11
19934243,15
19934451,11
19942412,1
19972194,11
19986492,11
19987229,11
19997453,11
20010119,0
20011592,11
20031432,11
20031504,3
20032947,11
20035112,11
20036982,11
20051605,0
20055087,10
20055838,11
20056907,15
20114329,12
20124266,9
20125048,9
20130663,9
20131030,9
20150765,11
20153310,11
20165866,11
20168137,11
20190858,7
20196141,1
20205854,1
20212843,4
20215037,0
20227535,14
20232083,11
20236051,12
20253270,11
20256950,0
20257089,0
20283685,0
20285107,11
20292789,11
20303715,0
20326611,0
20330491,15
20350682,11
20360331,11
20362540,13
20438258,0
20439535,11
20459195,0
20460019,15
20466262,14
20473997,1
20474413,11
20491404,12
20493014,11
20498240,11
20518703,11
20541497,1
20557911,15
20574140,11
20574668,11
20588837,3
20597901,15
20606896,15
20615662,11
20617985,11
20621415,1
20633359,0
20636976,11
20640178,0
20641638,0
20647841,3
20652398,11
20672254,14
20678599,0
20692252,1
20695972,11
20696761,11
20697510,5
20712899,11
20723129,15
20728600,13
20732368,11
20748674,14
20757561,1
20758791,11
20768101,11
20771358,11
20772163,12
20775141,11
20800535,11
20801708,6
20816907,0
20817533,3
20818236,10
20829994,11
20862978,5
20867958,11
20902125,11
20904081,15
20910370,0
20930030,14
20942857,11
20945795,4
20953519,5
20960321,0
20968177,11
20970643,0
20970829,12
20971421,12
20982290,11
20983900,11
20984094,11
20997492,2
21013560,7
21022808,3
21045593,11
21055556,0
21066913,15
21068985,11
21078805,0
21105999,11
21112395,15
21113071,11
21121199,11
21126450,11
21131524,11
21147043,1
21161764,11
21174440,11
21174869,10
21185839,11
21186144,11
21186916,1
21197827,1
21234803,11
21238326,5
21245451,11
21263950,10
21271951,11
21299652,5
21305780,1
21312365,11
21325134,3
21336394,5
21377139,15
21397148,11
21398062,11
21408074,11
21412714,11
21428263,11
21446706,11
21447146,3
21448878,11
21504964,11
21505313,11
21544862,12
21547845,1
21596712,5
21600578,14
21613612,0
21644877,0
21656548,11
21660734,11
21663069,11
21665322,11
21692384,0
21696470,5
21701951,6
21727137,0
21748655,1
21748991,5
21758987,11
21764678,15
21784631,11
21785403,1
21786774,11
21800439,11
21816249,11
21828838,11
21829436,6
21838013,11
21863032,11
21865657,0
21866259,3
21908549,11
21937977,11
21942882,13
21949631,0
21961180,11
21975330,10
21976318,2
21976829,0
21977950,11
22000473,6
22016721,12
22025753,1
22029456,14
22048823,11
22050850,10
22051982,0
22052036,11
22062857,1
22065081,6
22094707,0
22102607,11
22106205,11
22108765,11
22144992,0
22147900,2
22151084,1
22151339,12
22153112,3
22173426,1
22175206,0
22176379,11
22208907,0
22210513,3
22214209,0
22226978,5
22229540,11
22230917,11
22249237,11
22258652,12
22267064,11
22269054,1
22278502,11
22278908,7
22294136,11
22296401,11
22300758,11
22318345,14
22329421,11
22345053,3
22353512,11
22355676,11
22398858,11
22462894,11
22463537,11
22466844,11
22467531,11
22468912,0
22474766,0
22479549,11
22496883,7
22504481,11
22504731,11
22505005,11
22507493,11
22507609,11
22512699,2
22544323,11
22544636,11
22544792,11
22551180,3
22572727,1
22600917,11
22616277,11
22644648,11
22657982,11
22666941,11
22681779,11
22692350,13
22705595,1
22718415,11
22729364,10
22733617,11
22792308,15
22841883,11
22862061,9
22886321,0
22902920,11
22928465,0
22938629,0
22967387,1
22987823,5
22998360,14
23000405,11
23001887,0
23013595,12
23045227,1
23123718,2
23139441,0
23149975,0
23150819,11
23164401,0
23187168,11
23189004,5
23219490,0
23223060,0
23227635,11
23276201,1
23277408,3
23292976,1
23300632,1
23301087,15
23311092,5
23317144,7
23321474,11
23321989,0
23377937,0
23419157,0
23436428,11
23436704,12
23468029,15
23504433,11
23509129,11
23509372,11
23523561,0
23526942,11
23578697,11
23578751,9
23588515,11
23593076,15
23598046,11
23610699,0
23614159,11
23614198,0
23620064,1
23695781,9
23697190,0
23698112,0
23730789,12
23743654,1
23750536,11
23752030,0
23756166,5
23784390,7
23807418,11
23823207,0
23826326,0
23843626,11
23871671,3
23911772,11
23922770,15
23939125,0
23959778,4
23988039,10
24013147,14
24013863,2
24018591,11
24018771,11
24021311,0
24031247,1
24035118,0
24054587,11
24107061,11
24111212,11
24113998,11
24114474,11
24167253,3
24175102,11
24187013,1
24198386,6
24222776,15
24230468,9
24247624,0
24247865,11
24267604,11
24269012,11
24307196,1
24308865,0
24314152,11
24333970,11
24337550,11
24351707,11
24369125,11
24371570,3
24379222,3
24387196,14
24394585,11
24409976,11
24410492,11
24411312,10
24442189,11
24450728,15
24488469,10
24524476,10
24536343,0
24553653,11
24558138,11
24564200,14
24571917,0
24578961,11
24582929,14
24596531,1
24596930,12
24623982,1
24668638,11
24672332,1
24675660,11
24735993,11
24743672,11
24773347,3
24777029,11
24797749,11
24802917,11
24817089,1
24822188,11
24846571,11
24857151,15
24869794,11
24874216,14
24894787,9
24898813,11
24910884,0
24912435,11
24935253,14
24944794,0
24967807,7
24971391,13
24976431,0
24983537,11
24992471,11
24995413,11
24995936,5
25017274,11
25025733,11
25032561,11
25044756,10
25045487,11
25066463,0
25082702,11
25083487,13
25098027,14
25098205,13
25099050,11
25101205,11
25139073,3
25166656,11
25181598,11
25192161,11
25212559,7
25213036,7
25250805,11
25253946,1
25260120,1
25294111,7
25339505,11
25369130,7
25422721,0
25423872,14
25427559,0
25476703,11
25505639,12
25508000,5
25509408,11
25517185,1
25550382,14
25566387,2
25567539,12
25574659,0
25608798,11
25675740,0
25680116,11
25681365,1
25684935,11
25720243,11
25728098,0
25778999,11
25779097,11
25832723,13
25843940,11
25872744,11
25873639,1
25892515,11
25904215,3
25914624,10
25915850,0
25971520,11
26008774,11
26040636,1
26042659,11
26098882,14
26102101,10
26109237,13
26138287,15
26138370,6
26168393,11
26183203,12
26214070,11
26230502,11
26236700,1
26259969,11
26260375,11
26276283,11
26321136,11
26340368,5
26348407,10
26355178,1
26356801,5
26366179,11
26383614,0
26395861,11
26442366,5
26445173,3
26456004,1
26474360,13
26489621,1
26501248,0
26551803,5
26563646,0
26569660,3
26660599,0
26662976,11
26730611,11
26738411,0
26741649,12
26742439,15
26743230,3
26746164,9
26782481,9
26817665,11
26865556,2
26873071,1
26876796,11
26889738,11
26941295,11
26941541,11
26959390,11
27021289,0
27028688,11
27029126,0
27030294,14
27061985,13
27080392,3
27083688,0
27084537,11
27094044,14
27126601,0
27127495,15
27162299,7
27197323,11
27198633,11
27229307,9
27231025,11
27278791,11
27288686,0
27304820,0
27311030,0
27331586,0
27362038,10
27363175,1
27403613,11
27404398,11
27405795,11
27405873,14
27416414,11
27427600,11
27453032,11
27492729,11
27497634,15
27504834,11
27524110,0
27525463,1
27529364,2
27529429,11
27551340,11
27583657,3
27613500,11
27633845,11
27640141,0
27656499,11
27657322,15
27658681,11
27694920,0
27704943,11
27724908,7
27725239,11
27733605,11
27733673,0
27733959,11
27734689,11
27748686,4
27776131,5
27780558,3
27783125,0
27814885,9
27831815,3
27875720,0
27899203,11
27902372,11
27903533,1
27906221,11
27919138,1
27920693,11
27928162,12
27939634,3
27946588,11
27963052,11
27989424,11
28007203,11
28099505,2
28100046,15
28101659,11
28101865,14
28104921,0
28109908,0
28110009,11
28148582,11
28171123,11
28180028,11
28194512,11
28198440,0
28204918,0
28219387,11
28221830,15
28229518,0
28229838,11
28239139,11
28255238,11
28264606,5
28270483,0
28271554,11
28302120,11
28306794,15
28307356,1
28315642,11
28336416,0
28340219,9
28343811,1
28345128,14
28361291,11
28383831,11
28409061,11
28464973,11
28465163,14
28467555,0
28467680,0
28483553,11
28525442,11
28543893,5
28559859,11
28632783,3
28644148,11
28663318,3
28684811,0
28692447,14
28692707,11
28696543,5
28696592,11
28700496,5
28710382,11
28714868,11
28732614,3
28753641,11
28760351,5
28762946,15
28763000,13
28764088,11
28772134,11
28776748,11
28777271,11
28783353,15
28784868,11
28800316,0
28804821,11
28813216,0
28814054,0
28870429,11
28886113,11
28888841,15
28890267,11
28895600,3
28944403,11
28956913,11
28962175,11
28999000,5
29009976,7
29025371,0
29060586,11
29060600,5
29072375,11
29080774,11
29082270,11
29099918,10
29103326,7
29118686,6
29123458,1
29131738,11
29132309,11
29175592,7
29175934,3
29176867,7
29186162,11
29186640,11
29186827,11
29189007,11
29190109,11
29192117,11
29208389,11
29216240,11
29217218,14
29232449,11
29234133,11
29238782,11
29242529,3
29309507,5
29338866,6
29338921,5
29339228,0
29339312,11
29340107,11
29362239,11
29388347,7
29391479,0
29410467,0
29433520,0
29484722,11
29506181,1
29512805,11
29514326,3
29515631,0
29516835,3
29518654,1
29548365,4
29563499,4
29571728,3
29607703,4
29613234,6
29624520,11
29631679,11
29634849,1
29653958,1
29660304,11
29660881,6
29661201,15
29672757,11
29673839,11
29683802,3
29702333,15
29704947,5
29707527,9
29735647,12
29754991,13
29762412,11
29778277,11
29779296,13
29829176,11
29848931,11
29853883,11
29856261,14
29901022,14
29905201,11
29906990,11
29924396,14
29925074,14
29991881,11
30009533,11
30037646,11
30038764,10
30039159,10
30040787,3
30040877,11
30057864,1
30058115,11
30059721,11
30061545,0
30069428,11
30091882,14
30092311,12
30124486,11
30130915,7
30155786,0
30156917,14
30157044,12
30171073,0
30173352,0
30210824,11
30230281,11
30230535,7
30244600,6
30271671,0
30311627,11
30338859,3
30369669,11
30369908,11
30370648,12
30370668,11
30378610,11
30379173,11
30425730,11
30429136,3
30483104,11
30504979,0
30509915,11
30537525,14
30537607,14
30537753,14
30538067,14
30552210,9
30587545,3
30592619,3
30594541,3
30677861,11
30704574,11
30739386,11
30759905,11
30802551,6
30849866,1
30851224,1
30931955,14
30952695,4
30976235,15
31001497,11
31018919,11
31023351,11
31026575,11
31027116,11
31038042,12
31066202,1
31087728,11
31112902,1
31124733,11
31124779,2
31124856,11
31146323,0
31176634,7
31195264,11
31206638,0
31209947,11
31210490,0
31221342,15
31222461,11
31242290,11
31242824,11
31242978,0
31255290,5
31267035,0
31283714,3
31310838,11
31314156,11
31320189,0
31320962,15
31334609,11
31354275,11
31355802,3
31364175,5
31378871,0
31390246,11
31441404,14
31444113,0
31445213,0
31448839,11
31457097,14
31462642,7
31466575,5
31485290,11
31487649,4
31490902,11
31569018,11
31571700,11
31598045,13
31627402,2
31642254,10
31645057,0
31654580,0
31665593,11
31666386,11
31669112,11
31673907,0
31676493,0
31692977,2
31695699,11
31696910,11
31710916,12
31831051,1
31833294,14
31840017,11
31850233,0
31861066,0
31874635,11
31876216,3
31881411,0
31898846,11
31928424,10
31931106,7
31951522,1
31963337,0
31966019,11
31984443,0
31987759,5
31987867,9
32022004,11
32049504,7
32049716,7
32062274,5
32108020,11
32136351,0
32155452,7
32168062,14
32168287,14
32178797,10
32195644,11
32198155,2
32206135,0
32223985,0
32251323,11
32288674,11
32318869,5
32319962,11
32339751,15
32340936,7
32357508,3
32380820,0
32438556,0
32438756,14
32441809,14
32448661,11
32455588,10
32471404,1
32487303,11
32502679,2
32508227,0
32522474,2
32530437,10
32548753,11
32549328,13
32570157,7
32574184,12
32614716,11
32638075,11
32663326,14
32670401,11
32673007,13
32674281,11
32695509,11
32700902,5
32721977,6
32724418,12
32735994,15
32745528,11
32746002,10
32748326,5
32749751,11
32781031,0
32820457,11
32835782,0
32841571,0
32842009,14
32845808,11
32846763,0
32863530,11
32877545,0
32888323,11
32921906,13
32923272,11
32936367,5
32938032,13
32939042,3
32939405,13
32942147,13
32942427,13
32956633,14
32957236,1
33005385,13
33010575,3
33037666,3
33040502,11
33043541,11
33047630,11
33048806,11
33069997,13
33073690,11
33074386,11
33079772,0
33089138,7
33119348,11
33137950,0
33140465,11
33169996,11
33219953,11
33267001,5
33285128,0
33308940,6
33311879,3
33315451,11
33343742,0
33344531,1
33363102,1
33375198,9
33392444,3
33396661,15
33400382,11
33416429,1
33426203,11
33482500,11
33487611,0
33488255,7
33494927,3
33497120,11
33500457,11
33515457,1
33531284,11
33589181,4
33604151,11
33659637,5
33660665,9
33662649,10
33698630,11
33716383,15
33728004,13
33739164,11
33746605,11
33749154,11
33751207,11
33773269,0
33774360,11
33775185,11
33784379,7
33807668,12
33832702,10
33839254,11
33839581,11
33839796,11
33844140,9
33851393,0
33853344,11
33858188,1
33870475,11
33873130,7
33896267,1
33904236,11
33926468,3
33928570,14
33942615,0
33958969,0
33964988,0
33967707,11
33993891,5
33994257,15
34009804,6
34026781,3
34044134,11
34055012,11
34055958,11
34063789,11
34083239,3
34091868,11
34092778,5
34096583,12
34119611,5
34121346,10
34128506,15
34146401,0
34148974,10
34150573,0
34156591,11
34174879,0
34199220,0
34258738,12
34260112,11
34282875,13
34301946,3
34312217,11
34316325,0
34344421,11
34367927,11
34397257,0
34397368,11
34408762,0
34419781,11
34430727,11
34430782,3
34440900,11
34445822,11
34446434,11
34466466,13
34468624,11
34476888,0
34480010,11
34500866,11
34510339,0
34513244,11
34515104,11
34536328,1
34538493,0
34543217,6
34543629,12
34545171,1
34547822,1
34550802,0
34563784,14
34567121,1
34569910,11
34599347,11
34602404,6
34618189,14
34639823,11
34643429,13
34647613,11
34648796,13
34653668,3
34676065,10
34686934,11
34687518,13
34690699,14
34743981,13
34753592,11
34772524,0
34780215,5
34814277,0
34814659,12
34839883,0
34843186,13
34862782,5
34890322,13
34899472,5
34902916,0
34908374,11
34909187,15
34911365,13
34917763,0
34951350,11
34966076,12
34967296,11
34969992,0
35005868,0
35009169,9
35060837,5
35064338,11
35069610,11
35083497,0
35085633,11
35095286,3
35110772,11
35116624,3
35137634,3
35147890,11
35162909,13
35165092,11
35168068,1
35194076,11
35194691,11
35195354,0
35198654,11
35201895,0
35203551,11
35203843,11
35226091,2
35232038,11
35233548,3
35288603,15
35289076,9
35292830,11
35303504,14
35315385,11
35316206,0
35318819,14
35321192,7
35351916,5
35381860,0
35383121,13
35416791,11
35464538,11
35480842,0
35481499,11
35492293,11
35492908,11
35496717,3
35510667,11
35543251,5
35544003,11
35546996,11
35547554,1
35548850,0
35619672,3
35645452,12
35648982,13
35649214,12
35677160,14
35703153,3
35703964,3
35707843,7
35710711,3
35715395,0
35730326,11
35730598,14
35731850,1
35736602,11
35738795,0
35742021,11
35742796,11
35756653,1
35758046,4
35770582,1
35792193,11
35807138,11
35822809,11
35829156,0
35836102,11
35844839,15
35846039,11
35859839,1
35864791,11
35871991,0
35877099,5
35878019,0
35880960,0
35906495,0
35912712,11
35914949,0
35917364,0
35925856,15
35931348,1
35973686,14
35973881,15
35974464,11
36003397,4
36023806,0
36028152,11
36035754,0
36043500,11
36077046,11
36105313,11
36105449,1
36109488,12
36111631,1
36119964,11
36150210,11
36151844,11
36171393,9
36186742,14
36206997,5
36226100,11
36227651,7
36263638,0
36278505,1
36309174,15
36309632,0
36314285,0
36315079,0
36319723,14
36354697,11
36354720,0
36359819,14
36363247,7
36413929,0
36426397,4
36470411,11
36473841,4
36478210,12
36481633,15
36505368,15
36511420,0
36518000,3
36526999,2
36532958,15
36565066,0
36565500,11
36566774,11
36567945,1
36598216,0
36600016,11
36600285,13
36607008,0
36610053,5
36630428,5
36669317,11
36677965,11
36686252,1
36691989,1
36718254,11
36721316,11
36721351,11
36759544,0
36761078,11
36764495,11
36796334,2
36798460,11
36803655,10
36833394,10
36835872,15
36842226,12
36905022,10
36910887,0
36916172,0
36916201,15
36917582,14
36941933,11
36942926,11
36948174,11
36958662,11
36958688,11
36970792,11
36971408,15
36990618,7
37014121,11
37018992,11
37059993,12
37065294,12
37083384,13
37084811,3
37087128,11
37123653,14
37125908,11
37130448,11
37154036,0
37156288,1
37157208,11
37157312,14
37157592,14
37162131,11
37176096,11
37182775,10
37199084,11
37207242,1
37233788,0
37234937,11
37239056,11
37243334,11
37300323,0
37326986,0
37346364,13
37346904,10
37347105,11
37360275,11
37364173,11
37381197,0
37423909,0
37431114,3
37434785,1
37481454,11
37497710,10
37534556,11
37535515,0
37541899,3
37566137,11
37584589,7
37589696,2
37593536,6
37597307,1
37604683,0
37606200,0
37612278,7
37623381,0
37625665,11
37632484,11
37660591,11
37665326,14
37665344,14
37675346,12
37684907,11
37687428,0
37706031,11
37723685,3
37740852,4
37750444,3
37753887,0
37754962,11
37771746,1
37773703,15
37776025,0
37778113,11
37798435,1
37834230,0
37835642,3
37835800,3
37846040,14
37855984,0
37855996,11
37858974,11
37884211,5
37886474,11
37887706,1
37908422,0
37911380,11
37912833,12
37919969,13
37943708,7
37945989,11
37948610,4
37971321,14
37975736,1
37988061,15
38024981,12
38027828,11
38038996,0
38041763,7
38041941,7
38043807,0
38044590,12
38047399,3
38050866,11
38069680,1
38069982,11
38073942,5
38090356,7
38118156,1
38121443,1
38128498,11
38157837,12
38158483,15
38160704,7
38162453,15
38168259,3
38188341,11
38215883,1
38217188,14
38219341,0
38225157,11
38232446,14
38236139,11
38238414,11
38238519,4
38242959,11
38254484,5
38257284,11
38258264,4
38262217,1
38264204,11
38291672,6
38292670,15
38293527,3
38295203,11
38299208,11
38300426,7
38303321,13
38313773,15
38316419,11
38322712,0
38323593,0
38326576,11
38329058,1
38329448,1
38356377,5
38374057,3
38377038,0
38377734,11
38403506,15
38404577,12
38427384,1
38429800,11
38429941,11
38433931,7
38436055,6
38437485,3
38438834,13
38452895,11
38458992,0
38468903,11
38482157,12
38486202,5
38509496,11
38520275,11
38522985,14
38524306,0
38525757,3
38551599,11
38554987,12
38568930,11
38569602,11
38574284,0
38582678,6
38583086,11
38583924,11
38591909,13
38605855,7
38661244,11
38661688,0
38677336,11
38688929,1
38731907,11
38774331,2
38777856,11
38822282,14
38825784,7
38848743,11
38851322,11
38881934,11
38901126,0
38904653,11
38905120,12
38925979,11
38932657,11
39006461,3
39029077,1
39030595,7
39034593,1
39035100,0
39035605,5
39036175,10
39050749,11
39056035,3
39056950,13
39058638,11
39085688,0
39109832,15
39137057,3
39137281,15
39139444,11
39146981,11
39156747,0
39170807,15
39173487,15
39176162,11
39178720,15
39203190,7
39228734,12
39230275,5
39253112,11
39254219,12
39278431,11
39280763,11
39295050,10
39313898,6
39321507,11
39331301,0
39334833,2
39336877,0
39390942,13
39392215,14
39395616,0
39400182,5
39413826,11
39434349,1
39463172,5
39465137,11
39479824,11
39486643,3
39488588,11
39496373,11
39500618,0
39501006,11
39508926,11
39519812,11
39529195,0
39538098,15
39550274,1
39551367,1
39553849,11
39586417,0
39590167,11
39621794,0
39624979,13
39633948,11
39653298,11
39661974,7
39666388,5
39669828,11
39671157,11
39673107,13
39675026,11
39678209,14
39691271,2
39700751,0
39701303,0
39702548,4
39748071,1
39751540,7
39752115,11
39754975,11
39755122,0
39755961,1
39756457,7
39769375,0
39773870,11
39779098,1
39823779,11
39833589,11
39833880,11
39843189,13
39845741,1
39858090,1
39898587,11
39909916,7
39917720,10
39921957,15
39942185,11
39946504,9
39952676,14
39966701,11
39976938,7
39982043,11
39987932,11
39991786,14
39992675,15
39992837,15
39994472,11
40006964,11
40015266,11
40024388,11
40039037,13
40041158,7
40060121,0
40089853,11
40093063,12
40125352,0
40133923,0
40137868,9
40146547,0
40150004,11
40160679,11
40174663,0
40183121,11
40202963,15
40206908,11
40208543,7
40216486,7
40219369,13
40231582,11
40237829,3
40239606,11
40240422,11
40242207,3
40258037,0
40267387,15
40283224,6
40289238,3
40323693,3
40353162,9
40366959,14
40393898,0
40394114,3
40395497,11
40428662,0
40441810,0
40447319,5
40472296,11
40472933,11
40480898,15
40490018,7
40492593,11
40499709,0
40506665,2
40509407,15
40566609,12
40568036,11
40592388,12
40594461,0
40618836,12
40661100,0
40661110,11
40661699,9
40708086,4
40708563,0
40728935,11
40729698,2
40729987,11
40780896,11
40783431,9
40798649,11
40815297,11
40818252,0
40835342,11
40842170,0
40845163,5
40864034,3
40865232,10
40870274,12
40873365,1
40873970,1
40905911,11
40912958,3
40940798,3
40947166,14
40951253,3
40962047,14
40967992,12
41011433,11
41025640,15
41046525,11
41050095,14
41058476,1
41092081,11
41092558,11
41108753,11
41114162,15
41147280,12
41154744,11
41158979,11
41179286,11
41196876,0
41197997,11
41209726,1
41213853,9
41230795,11
41234271,6
41241341,11
41257279,11
41267805,11
41290910,0
41291864,11
41295124,11
41318991,14
41342072,14
41406068,0
41439698,0
41448632,0
41461555,1
41467973,1
41470814,1
41474018,12
41508842,15
41554114,11
41567561,11
41568414,11
41568829,11
41597820,11
41646190,11
41658655,14
41662538,11
41664358,11
41664591,11
41743374,11
41746148,0
41777092,11
41777470,12
41790836,0
41793454,9
41810692,11
41845970,11
41861993,11
41879614,11
41881587,11
41882870,6
41887687,5
41907338,0
41907438,3
41907441,3
41930848,7
41931326,3
41954697,11
41959047,15
41959804,9
41961466,3
41994010,3
42004392,11
42004700,11
42019524,15
42024054,11
42065419,11
42067726,11
42069683,10
42073085,7
42096646,11
42110659,3
42123486,0
42136678,0
42138681,15
42143789,3
42144163,14
42159282,11
42159988,11
42161511,11
42170316,7
42172942,11
42178214,0
42179866,11
42192347,11
42205685,6
42206963,11
42208347,11
42229137,0
42235419,5
42248911,11
42254340,11
42289080,12
42290373,12
42290661,12
42297032,11
42314882,12
42317322,5
42318124,11
42325561,1
42334563,0
42341242,15
42349233,11
42349628,9
42350703,0
42376516,11
42376874,10
42382107,1
42384463,11
42398350,11
42411466,0
42433781,11
42450390,11
42458501,0
42459105,11
42471550,9
42492611,15
42494794,11
42495851,5
42520034,11
42527933,0
42536378,11
42537088,5
42543547,14
42560334,3
42560698,3
42564537,11
42566961,11
42586907,11
42602905,11
42625278,1
42659961,3
42671571,11
42677512,11
42690352,12
42690698,14
42692038,11
42693850,7
42718181,0
42735303,11
42744529,14
42745879,0
42746558,11
42759494,15
42760363,11
42761450,0
42762607,0
42765114,1
42787953,0
42788536,0
42794743,12
42812140,11
42818016,11
42836224,1
42837916,2
42857395,3
42857485,3
42857699,3
42861927,0
42862366,12
42863203,3
42863399,3
42863440,3
42883628,5
42928813,11
42975337,11
42995009,1
43001677,11
43036342,5
43037100,0
43037188,10
43038240,0
43039373,13
43063931,11
43074897,15
43075544,0
43076614,0
43084607,11
43089496,11
43089910,12
43098679,11
43098859,11
43106694,13
43109649,11
43133984,14
43151409,1
43161810,0
43164435,11
43164614,15
43168980,11
43170578,11
43179314,12
43186581,11
43216305,11
43220662,11
43246262,0
43246447,9
43258884,15
43261975,11
43265101,11
43265828,11
43283099,0
43302664,15
43302890,15
43310479,11
43332412,0
43346609,5
43349423,15
43350320,11
43355890,9
43371771,15
43379454,11
43389846,11
43390250,12
43398002,11
43432518,11
43434226,0
43459723,15
43460196,11
43484591,11
43492965,11
43504700,0
43537015,1
43542380,0
43557814,11
43559049,9
43598514,15
43642720,11
43644241,3
43690506,12
43699342,1
43716241,11
43717700,1
43726740,11
43727934,11
43751068,11
43763606,13
43766054,1
43769897,2
43795226,11
43803676,11
43804293,11
43806160,0
43830883,11
43832796,4
43834584,11
43834859,11
43835651,9
43849052,3
43854267,1
43857606,11
43859160,13
43872084,11
43878959,11
43886332,12
43898322,7
43898528,5
43898545,12
43912785,11
43913835,11
43925819,11
43927875,11
43955686,11
43957008,11
44015973,13
44028325,3
44035029,11
44035820,11
44063247,11
44077043,11
44088081,0
44096184,0
44124117,15
44152416,11
44176792,14
44177620,11
44180109,12
44182082,11
44182172,11
44186336,11
44213791,2
44234538,12
44236284,11
44249022,11
44274004,3
44280696,11
44293159,0
44293306,11
44302552,3
44335904,11
44341494,0
44343412,1
44343486,1
44360290,12
44360576,11
44370666,10
44380968,2
44392680,11
44405590,0
44407061,11
44407304,12
44417153,11
44417662,7
44430872,0
44443684,1
44450935,0
44451010,0
44471140,0
44479177,1
44505284,0
44513457,11
44514919,11
44522201,11
44522305,11
44522499,11
44522600,11
44540297,11
44561170,11
44567304,7
44594614,11
44598529,0
44626451,10
44630465,7
44630708,11
44634645,11
44648806,12
44657896,0
44661697,0
44667677,11
44681712,0
44796613,11
44852800,11
44862573,3
44863906,11
44864863,11
44885085,1
44904589,0
44918695,7
44963429,11
44994214,11
45000280,7
45009749,5
45032094,12
45036383,12
45043329,11
45055334,1
45058909,0
45090889,11
45090891,0
45096376,3
45097309,0
45102620,11
45104103,7
45105927,11
45118373,3
45119028,5
45128272,0
45141256,11
45142434,11
45146389,14
45151478,0
45162482,11
45162989,9
45163405,0
45164507,14
45164511,14
45205271,11
45218805,5
45220313,11
45229005,0
45237692,15
45241728,12
45242334,10
45252343,1
45254794,11
45255535,0
45258737,9
45259519,11
45268094,0
45275123,12
45290977,1
45312313,11
45333069,11
45343283,15
45345320,12
45350238,1
45361541,11
45380215,11
45423471,11
45440644,5
45442640,13
45450641,11
45481913,3
45483831,12
45484800,11
45492540,11
45496224,11
45504043,9
45517803,15
45530574,0
45546237,0
45549138,11
45550175,1
45550622,0
45558351,11
45567886,0
45579933,3
45609137,11
45609284,15
45632990,11
45633211,1
45635430,3
45636411,12
45649857,11
45654112,15
45660994,13
45673890,15
45701266,10
45703480,14
45713638,12
45714619,9
45720960,11
45723117,1
45723189,11
45733083,11
45734061,11
45741870,4
45753912,15
45768147,11
45768201,11
45799008,5
45817077,11
45863747,11
45863841,0
45921751,11
45935215,11
45937919,10
45942474,15
45978660,11
46001430,1
46012261,10
46013309,7
46036108,11
46038107,11
46062767,10
46065895,11
46067376,11
46086567,14
46100121,11
46122194,9
46144491,11
46155823,2
46176202,0
46180128,13
46200356,11
46217834,0
46223975,11
46225561,9
46234749,3
46235470,1
46235631,3
46256346,5
46374230,11
46376917,11
46390636,1
46448175,12
46448563,11
46469829,0
46544974,6
46564746,9
46580685,11
46587058,11
46642371,11
46644580,1
46646712,5
46665744,0
46691999,12
46724802,11
46767473,3
46798957,11
46809664,11
46818724,9
46820082,11
46822632,0
46830103,1
46838603,12
46847598,7
46856930,15
46860121,15
46984433,0
46985404,11
46993473,11
47026894,11
47032150,15
47044144,11
47050411,10
47050744,10
47075761,11
47081837,15
47110882,15
47113634,0
47120646,1
47122053,0
47135393,3
47138077,15
47162747,13
47194858,11
47254321,0
47269353,11
47293534,0
47296993,5
47314550,10
47350469,9
47350946,9
47368961,1
47370561,3
47437741,9
47471515,15
47487414,1
47489885,5
47506614,11
47533286,7
47534015,11
47537022,1
47575815,1
47581347,1
47581751,11
47713333,11
47732603,11
47748375,1
47767844,10
47768860,3
47786926,11
47799983,5
47815077,11
47855562,1
47871145,7
47871632,7
47907240,7
47938813,11
47940902,11
47950878,11
47968682,0
48009175,11
48045888,11
48058949,10
48081774,1
48117206,11
48122861,14
48123819,11
48146915,10
48146955,10
48147551,11
48148181,12
48151356,0
48169982,5
48208999,3
48213400,1
48215410,0
48264697,7
48267452,3
48268916,0
48270478,12
48285858,11
48286820,5
48298965,5
48317636,2
48328335,0
48363176,11
48364252,11
48372739,11
48384361,5
48397253,0
48404952,12
48412905,12
48421038,11
48450365,5
48472101,12
48473651,11
48489607,5
48506066,5
48526069,11
48547448,11
48561895,3
48587585,11
48642883,0
48644384,7
48662290,12
48670210,9
48678430,14
48732447,11
48740027,11
48752454,11
48765870,7
48767780,7
48770073,3
48770547,5
48789774,3
48790858,7
48803240,11
48821841,7
48823421,1
48830756,7
48839115,11
48852476,11
48879909,0
48880697,3
48880889,3
48882091,11
48882874,6
48884133,11
48884279,11
48942437,11
48984301,3
48995003,11
48995747,11
48996683,11
49007562,11
49017510,11
49028735,3
49028787,11
49043766,11
49049854,0
49056048,1
49060524,11
49061419,11
49063306,11
49063625,11
49063783,11
49071786,5
49073798,11
49075348,11
49089806,11
49127045,11
49130789,11
49153122,0
49191405,11
49212891,0
49217648,3
49219300,3
49233743,11
49248273,15
49269498,11
49273942,11
49286320,11
49320415,13
49324201,11
49348435,2
49361167,1
49361377,1
49384453,14
49439347,11
49468739,11
49488418,11
49499378,2
49501707,1
49512666,11
49530332,3
49548924,11
49567733,11
49567757,11
49567775,11
49570028,0
49581666,11
49583417,11
49590319,5
49593767,15
49594653,11
49616717,10
49626342,11
49629767,1
49638624,3
49654361,0
49657324,11
49671263,12
49690754,11
49713021,14
49713608,7
49716015,9
49735883,0
49735952,11
49736105,1
49736649,11
49753797,0
49771943,11
49775351,11
49776039,10
49834312,10
49854545,12
49858020,12
49859418,11
49880934,11
49886835,11
49888351,1
49925135,10
49945928,11
49948669,11
49949213,11
49964148,11
49977782,13
49978450,13
49978505,11
49995245,11
50001129,0
50006300,11
50032845,11
50035018,13
50035231,13
50035240,13
50081408,7
50103244,1
50110530,11
50112052,0
50117741,11
50121227,2
50150693,10
50173210,11
50198024,11
50226651,0
50231413,11
50244939,11
50285100,11
50290902,1
50291552,12
50311762,5
50312128,11
50312714,11
50312869,3
50312904,11
50347912,11
50361621,9
50380257,15
50393155,7
50397823,11
50408358,15
50415431,6
50419469,12
50432026,0
50439734,3
50445517,5
50470077,11
50473378,5
50487279,9
50489558,3
50507011,11
50542632,5
50551680,11
50566937,11
50575491,0
50576026,11
50587360,9
50600818,7
50602071,5
50616932,0
50651886,9
50656073,10
50656772,15
50661619,6
50698274,11
50703563,11
50732001,11
50733480,11
50797136,11
50806647,0
50807248,11
50811973,0
50824055,11
50844007,0
50846843,0
50854219,11
50865006,11
50883779,7
50889675,0
50914366,11
50938395,11
50943087,11
50955455,0
50969743,5
50976130,11
50994837,9
50999700,0
51000937,0
51019356,11
51020564,11
51022187,14
51022479,11
51023482,3
51038376,15
51046716,0
51050240,5
51061777,15
51070701,1
51070917,3
51072817,11
51078773,11
51102562,7
51104134,11
51111896,11
51117786,3
51119340,14
51122815,9
51127287,11
51128912,0
51153197,11
51162962,11
51165853,3
51166173,11
51169271,0
51174143,11
51210210,11
51210584,12
51215594,0
51225849,1
51229104,1
51233843,0
51236680,7
51245277,0
51251120,13
51283011,14
51286176,13
51288531,0
51291028,0
51300744,11
51302688,10
51304799,0
51306728,3
51323517,0
51333093,11
51350125,11
51350549,9
51363420,0
51366292,9
51366358,11
51385651,13
51391908,11
51420954,11
51422971,11
51429732,3
51432154,9
51432347,9
51432817,6
51436347,11
51444691,11
51453851,0
51467111,1
51467553,0
51505382,11
51515857,11
51518845,0
51519849,11
51521662,11
51542139,11
51543483,11
51546924,11
51550569,0
51559652,0
51566485,11
51597688,11
51598715,15
51599311,7
51599720,0
51599868,0
51614678,11
51634439,11
51634689,3
51637725,11
51640656,11
51641234,12
51643070,7
51654379,11
51667065,0
51680779,7
51691408,11
51695311,3
51703499,0
51709067,11
51715058,14
51715950,11
51727741,11
51730247,11
51730634,0
51744631,11
51747431,12
51754850,9
51766473,11
51766786,11
51767825,5
51769553,7
51778298,0
51784343,0
51800251,0
51801983,7
51813790,11
51818547,5
51825120,12
51844409,3
51845103,14
51845940,1
51849431,11
51849462,11
51871397,11
51878706,11
51879745,11
51890315,5
51906628,13
51906834,13
51907197,11
51908377,11
51908783,11
51935935,11
51937801,7
51944461,11
51956354,15
51956522,11
51958276,11
51962061,11
51989088,0
51989593,11
51989688,3
51989905,0
52006523,15
52022153,3
52027580,15
52038569,1
52056580,3
52074002,15
52075827,11
52124074,1
52130325,11
52151293,3
52162544,0
52165299,1
52166742,0
52173914,7
52184707,15
52188478,11
52198014,0
52206005,11
52211284,4
52215089,11
52217137,9
52219257,0
52221816,0
52223973,15
52236301,11
52237145,0
52241752,11
52243492,11
52244873,12
52258156,0
52259947,0
52261245,11
52261334,11
52286452,11
52296865,11
52298610,14
52303669,11
52303899,0
52309006,11
52322576,14
52324291,3
52325421,11
52332958,12
52347632,7
52352192,1
52359523,1
52369274,11
52382938,1
52390822,11
52396961,11
52400387,4
52411976,11
52420883,11
52455825,11
52467886,11
52476493,11
52484789,11
52486006,12
52490771,1
52493731,1
52511581,12
52531279,10
52532189,15
52532463,1
52533484,15
52535908,0
52566019,11
52566273,6
52568282,11
52571930,11
52585216,11
52596416,15
52600257,11
52600981,0
52611861,11
52616139,11
52619135,14
52619813,11
52622305,5
52622584,3
52622737,3
52622845,3
52630104,11
52631758,1
52632060,11
52655218,5
52658117,11
52658496,1
52659136,11
52659316,11
52659804,5
52666904,3
52684022,0
52707532,11
52714951,11
52715114,11
52721516,11
52723593,11
52738123,7
52738645,12
52743397,5
52752144,1
52753859,11
52754604,11
52765539,11
52768649,11
52770730,0
52781823,3
52790653,0
52790748,11
52808223,1
52811902,11
52823812,0
52824074,0
52825859,11
52827338,12
52830959,11
52839433,11
52845270,9
52855224,11
52863188,11
52865345,11
52876577,0
52876805,1
52882812,1
52885054,0
52896166,3
52896845,9
52897119,7
52899690,0
52901799,11
52902398,11
52917158,0
52917915,3
52918978,11
52921613,4
52930654,7
52938297,5
52940629,9
52954637,11
52963390,11
52964992,11
52977133,11
52985295,11
52990024,11
52990622,3
52992452,2
52993424,0
52994579,11
53002849,11
53022068,11
53027152,11
53032222,2
53032551,1
53032913,0
53046079,0
53047011,3
53047902,3
53050128,12
53050581,11
53050996,12
53051559,11
53065671,12
53076301,11
53079889,0
53080056,11
53080227,0
53081162,3
53082726,1
53087722,11
53092074,14
53092326,15
53093047,11
53147493,12
53148952,11
53161851,11
53169502,11
53172763,11
53181044,1
53185576,11
53190807,11
53198589,11
53205315,15
53213992,11
53216719,11
53230908,11
53233960,11
53236834,9
53239377,10
53249800,0
53257030,11
53261912,11
53269308,11
53274036,9
53275038,11
53277856,11
53278280,11
53281692,11
53292830,11
53296801,0
53297015,7
53310536,11
53312752,11
53312956,2
53321291,2
53357263,5
53365192,11
53366845,11
53367308,11
53377799,11
53380852,1
53381467,3
53385938,1
53394598,14
53397747,11
53398596,11
53399651,11
53402354,11
53403630,0
53413065,11
53414461,11
53415383,11
53421335,3
53431786,3
53446200,6
53447512,12
53456337,11
53460581,0
53483161,11
53488676,11
53492166,0
53511388,0
53528601,11
53545710,5
53546053,5
53548788,11
53549594,11
53556548,11
53558250,11
53566586,0
53570629,11
53572496,11
53577711,11
53581558,11
53585625,11
53591319,0
53593423,14
53595534,11
53606290,11
53606723,10
53609517,11
53609605,5
53615547,12
53637810,11
53648231,0
53648402,11
53656352,11
53659746,1
53664441,11
53672090,12
53675348,1
53682465,0
53706992,11
53708448,14
53717463,1
53725170,0
53735703,3
53737353,14
53738761,11
53743108,7
53743367,11
53748029,3
53754842,11
53755291,11
53757513,11
53766352,11
53767960,9
53768471,11
53771391,15
53772469,11
53782925,10
53784760,0
53799508,11
53807998,7
53808052,11
53811547,11
53814410,11
53816184,0
53817864,11
53830205,14
53831663,11
53851721,0
53864295,14
53864500,13
53865490,13
53868784,12
53887258,12
53892693,11
53892873,11
53893473,11
53901273,5
53902714,11
53905996,11
53921812,10
53923957,11
53924807,11
53925886,11
53932384,5
53942168,11
53952471,0
53954276,1
53955514,14
53971792,11
53982910,12
53983448,11
54004105,1
54007604,11
54018363,11
54040817,0
54051688,14
54056719,6
54057631,7
54057699,11
54065679,11
54091350,3
54092626,11
54103876,11
54104117,0
54104254,11
54105877,11
54120447,11
54140158,11
54143632,11
54144245,11
54163023,11
54165000,11
54165546,0
54178237,7
54181599,0
54185179,0
54185317,0
54192577,11
54198231,11
54201171,12
54214729,3
54222551,11
54223095,3
54225870,9
54226784,11
54226990,9
54227487,9
54229844,1
54243247,14
54246204,0
54246210,0
54246216,0
54261035,5
54263188,11
54263894,0
54278250,1
54283327,11
54313563,1
54315584,11
54316085,7
54316960,11
54326371,11
54326769,11
54328059,14
54329999,11
54330002,12
54330393,11
54341445,11
54342545,9
54344294,0
54366886,15
54379393,11
54395121,2
54400117,11
498496522000865759,6
500793763741993964,11
502865560850244351,11
522075319012894112,9
537874966914676930,11
539114197126055867,6
539740847331041083,11
539938690225283414,11
541786875971553840,11
542056624127685923,11
542213181596298542,14
542593928005915045,3
543371317393732593,2
543526470816384020,11
544092925156144337,11
544214987628123821,0
544881145796548745,2
544924547380884234,12
545132673184797076,0
545814396070296201,11
546399273485394627,0
546408099124598370,1
547191734465391697,11
547252716669944037,12
547344225261269899,11
548030509648839135,1
548084678129087212,11
548297569061668215,3
548641331159076610,7
548748292383340833,11
549048623969511891,11
549157322018319966,15
549195605468803958,0
549287726691060773,11
549292987801825119,9
549410278325269500,10
549553995008753949,11
549895040945298775,3
550747976242263787,11
551288257898922992,14
552097566951623148,1
553078352929648756,11
553401288995639372,7
553612575428009955,0
553679637303116213,2
553717575426408482,3
553826289138600253,12
554273959344589866,11
554556160750198241,11
554918269624228826,9
555795306675758879,11
555998137501447714,11
556413501508803284,11
556605294037176738,0
557079294377369756,11
557218937122898620,1
557974405218663665,1
558092331820281029,14
558171704835682262,0
559371425689883022,4
559506803183921749,9
559634347960026336,11
559713720777266868,13
560832567426220546,1
561737950496380517,11
561783461293057659,0
562497322831984877,15
563023893950578407,0
563100073139843485,11
563709991934341490,5
564373052049842209,11
564389032486991052,7
564441458002652185,11
565374467669042981,12
565460965281862635,12
566128052375732723,11
566461032655772487,5
566543827158820282,11
566702812860821985,0
566789323584262310,11
567252260119550856,0
567329697105253985,1
567460560106058721,11
567475713854462276,11
568324196062947867,0
569382307755645966,11
569501001670420718,11
569675006111278628,2
570201452837149132,0
570344808999511151,1
570539294581105370,11
571768718352290327,12
571800134321381281,11
572301579081048404,3
572402121033063508,9
572654031470336368,11
573067600164282372,12
573123285004213297,11
573189133494560943,2
573764863169044371,0
573831031185924928,11
574053706652176280,3
574512741419247439,10
574726103592524082,11
575534988560015159,11
575893984592469469,0
576183785223517563,11
576283124663503034,11
576653019732899097,11
576857065270093121,1
577562924194964144,11
577602821926900319,0
577678577578454371,14
578317386356521840,2
578925296331810448,11
579203376936587888,8
579729267266174637,10
579731304480785658,12
579858952866043434,11
579911475911260994,3
580219658098769313,11
580292369492165410,11
580345728542455675,11
580423519675303901,11
580521307826351918,1
581274324287930487,11
581338828835310643,14
581848828100002921,5
581858882357410412,6
581883629400814010,1
581886351932548461,1
582158681750272403,15
582365434401087626,3
582447011160477474,11
582576023809049761,2
582675601509914229,5
582807904612373158,0
583301897318019805,3
583388647815590844,0
583405193511773829,5
583521578690984549,11
583950952650277264,11
584104257121855339,11
584199285580858654,7
584297075748228931,1
584898109834000056,15
585472764376257278,6
585556739925001529,9
586756385384377687,1
586809763830275387,5
587064560252690682,11
587177433423564454,12
587590999810285125,11
587592918784863584,0
587678953669441951,12
587750712837315550,11
588973281806907100,0
589386195119797096,7
591067556544896754,2
591098312326586241,11
591207290192401504,15
591211587357089464,15
591369137852604608,11
591397142894564511,10
592079588963587373,3
592189781740054989,11
592200439134035039,11
592732616416544708,0
592878954718233948,3
592924023742756682,12
593191776215393834,5
593309615480798623,11
593510801503067756,1
593549520419796222,1
593571731112386701,0
593642638235024443,1
593814625526200787,3
594188854209708335,11
594340708145958662,10
594832035022668149,11
594930951285523245,0
595037436007698997,0
595037445563124155,11
595046710119805936,11
595064325813683276,0
595098809535995551,11
595122753915748757,11
595130448356017622,11
595399117317992436,11
595548513297275890,0
595723213438790424,11
596495084209830364,3
597020911209976191,14
597195321536471794,15
597210910281588034,0
597227126622663488,11
597292080669258042,3
597870917460298503,11
597906826410514750,11
598317425609878975,11
598352224565217702,11
598588057482119941,11
598624936974094487,11
598699049157475852,7
598747753503960810,11
599013133253882387,11
599487336267424319,0
599588890852535166,1
599818937515241403,11
599975359711734518,15
600095081187727627,11
600190396484940262,0
600597541714777293,11
600707170721165796,1
600758653432921873,3
600887081462940944,14
601142346430889840,1
602064316783458543,0
602336061968022308,11
602751347990644532,15
602840339678883003,11
603076426025254555,14
603112325736226841,14
603298198952349115,4
603359279763411278,11
603483748905712412,0
603624194438580666,12
604381990106789508,11
604855263422984605,11
605016242363147614,11
605305972645266711,3
605610939705697702,15
605613737549100004,11
605781858251304661,11
605786104534506941,11
606545834094665654,0
606663291194767533,13
606709749042365910,11
607250370880816871,0
607303495652912872,14
608127306105091941,4
608533421854078026,11
608568062594721689,1
608612083954641380,12
608761694547842656,5
608809791933974925,11
608900729201901535,11
609100052766569337,11
609223086196174935,0
609328658249933028,11
609502429696235489,11
609554450280277864,6
609586213897545967,0
609902957032519438,11
610139160887669198,11
610197356835390835,11
610282756352299046,11
610377319491019189,11
610574702322109143,11
610613002885726132,2
610685299654113389,10
610774484617201445,14
610789554744285680,11
610923303689824715,11
611415273356989988,0
611620593306817734,11
611714095025647580,11
611762498368662767,11
612177077822180151,11
612261239877727367,13
612376120440429029,5
612464575445734129,11
612464620666673388,11
612919507590255565,1
612928274560532071,11
612969552478578409,11
613021166632701181,6
613032417100788932,11
613056013516302689,1
613076497011089979,0
613193248805963383,11
613277823658980471,11
613646338707863949,6
613904132269190947,3
613931963074995657,11
613961935934497496,11
614433380122955953,11
614461783628068052,11
614559237261724681,0
614739760428406687,14
615103522588532658,12
615269710335858015,3
615418350550910407,11
615929462419451349,7
616071721225666245,1
616148191758225525,3
616301686540706264,11
616314502633441132,0
616516050000470270,10
616617687879176037,11
616826201484810485,1
616926173428398518,1
617218131953597919,10
617281473521620459,11
617298612635163976,1
617330318253438170,11
617569692006967800,11
617999242688734593,1
618163384766578310,0
618195403229131493,11
618257900172113049,11
618287593424244581,10
618311597752731940,11
618620151599809340,11
618787772477895879,11
618863954905617111,15
618892083839398484,5
619364348080477444,11
619421709174407896,11
619790777676421327,11
620283550387810844,11
620402349495062171,9
620832570948170441,6
620840337428937487,1
620986198457865461,11
621064356233136796,5
621193422127485299,7
621761291835039690,3
621782760033913108,11
621866340100663027,11
621873913836532141,11
622309543103544874,11
622565844787216210,12
623455569754435589,11
623462514211906444,2
623730253258020184,11
623744698784299205,3
623817917769862669,11
624424256157607928,11
624426866391641498,5
624475642498627658,11
624494111849229477,7
624702534047627013,14
624737738787052288,11
624886151704568891,11
624903676327378920,2
625504954174240602,12
626023304684061870,13
626289817344899319,11
626678436820613646,11
626932742700564759,15
627507869694803996,3
627727612040212865,11
628062576364924774,4
628286678394813484,12
628288747110281640,0
628326230876506216,3
628485908337069044,15
628492484787130916,11
628749837830833372,12
628776871903298555,5
628869715520073587,0
628933425860753921,11
628970753026754643,7
629101511372861870,7
629647608642160840,11
629671438627423181,12
629686981084878251,11
629823322401155640,12
629939286643801773,11
630397197821589062,1
630402520537350984,7
630634843192947280,0
630647968445919918,12
630970224279257073,11
631064742005787931,11
631276080459769278,3
631308587758113565,10
631357463329058691,11
631696103612249132,14
631756573857484189,10
632126077639732678,3
632881724434746054,11
633517773454065299,11
633967082603748481,11
634089048725276791,11
634191971969130312,11
634291072356280376,11
634703443586135190,11
634722023283278284,5
634783635099225753,0
634918240181155243,0
634974158843526629,1
634997483819551986,1
635403502040304014,11
635429225937785537,5
635625368638682790,11
635660235911073535,11
635664632064633542,11
636108793291450588,11
636281001119709469,11
636699198496669593,4
637130685846889600,11
637610487431107815,1
637637031656524319,14
637721439208681649,11
637875910226665589,1
638476629236287792,11
638539533619429424,11
638580501996013889,11
638605000917410363,11
638612126900166438,11
638612311803309057,11
638639739517684161,11
639013496570967973,0
639074999019643691,11
639078402255391392,7
639352230485386962,1
639376217541103054,11
639427101283569415,11
639591803481391233,11
639645006818921038,11
639761676606560113,12
639948962338505838,0
640397985811875535,5
640413456078624294,11
640435529094938326,11
641123988882286433,11
641203695606647138,5
641286649438414715,0
641339938270792610,5
641668086591530394,0
642247828750487033,5
642614610288322461,11
642777735657117596,11
642785562857761956,11
643484029651562650,11
643507686651478483,11
643553148201012125,11
644070582414143377,11
644125900931617247,11
644158020292825355,11
644231929526859773,1
644306064465932592,10
644423548561379235,11
644802148959968406,9
644838251480052113,11
644975178681599376,9
645015932731869355,3
645017889674354613,11
645509681038849744,3
645647769672250859,1
645716244154632908,12
645858473186324005,15
645879286195944518,11
646199292764022442,3
646271604370766688,12
646430191727672433,11
646467541295857030,1
646878391167112457,11
647125702421162981,0
647217344328258070,11
647349620765814189,11
647794949977438621,4
647869227054612514,11
647971725786903815,7
647974513531549081,11
648000621455669244,0
648362495410231127,12
648476866640679290,1
648508532632334744,4
648564137899143804,0
648641785262312213,11
648686219134163115,2
648691700367949923,1
648769741242559161,11
649473154777470058,11
649983230408722874,14
650108878773034394,11
650151404512668331,11
650159692635743613,11
650484677724833558,0
650533936143188935,11
650629178927594098,1
650668790353509751,3
650684513560485213,10
650700889442711215,11
651205775494991881,0
651291280574616528,14
651361256921062371,9
651417296002056623,0
651606125652801473,5
651683825396666220,3
652925557702239042,11
653030727016834595,0
653052191020047872,11
653125238168856069,1
653491272453371019,1
653663194814805147,11
653670045156389878,1
653746757704782500,2
653771440703746756,6
653773134264720859,11
653855012157734839,11
653877971843353502,3
654242244830366582,9
654326595722473651,12
654346507561790211,11
654470322929619407,0
654573336336470437,1
654608751831996254,0
655233810358942842,11
655592441150057734,5
655694303701139355,15
655797630696810230,0
655804485951318501,11
655821448702587697,11
655999913291158818,11
656105441343067983,13
656330902261086287,11
656458772447246521,11
656619356559748060,7
656632348929003051,11
656799568393178471,3
657012776533685852,5
657116083662395774,11
657120338727317829,3
657145995039579380,12
657160110577345576,14
657314601799520496,1
657338562853122395,3
657463769917069454,11
657881371160384348,11
657957202070165288,6
658027285472098102,3
658045248079174122,8
658060239662075088,11
658126124954741415,1
658604625742651533,11
658624905547812227,0
659379517807683796,11
659554314280560313,11
659600283303049469,11
659625230311530854,11
659650362006156793,11
659658555093655103,11
659692485593670757,11
659965365917783728,12
659986155462351602,11
660202030205775735,11
660294771351588429,1
660368976097991463,0
660369705977321233,0
660818638500627176,2
661291206517396893,15
661368109045538924,3
661371075664154473,11
661517235576772391,11
661718266468903037,11
662260012136258081,11
662305542954184309,0
662387542836642936,11
662483943929168660,0
662493673061657069,11
662938015042728892,1
662953122275692512,1
662977345018869226,11
663234917537178278,11
663754336454655035,11
663779905155945766,1
663947377329381856,11
663955072203723288,7
663963898444528242,11
663979689423524521,9
664039827736267895,11
664273872320641687,11
664319482147043527,10
664362111484919962,11
664538977916224483,1
664557425818606007,0
664575513119939756,0
664674505125180155,11
664766951459666035,7
665014837985636614,11
665034042863265723,7
665042579824468022,12
665062847782406849,4
665117354918484642,1
665162856410704016,5
665173172254409515,2
665283470130284780,4
665354510497786029,12
665781116370457229,0
666008982591661048,11
666022947345602264,0
666200161721000585,3
666378063147014700,11
666645627579210163,0
666728647967205524,5
667298075032400284,9
667328388582265775,0
667390009446667861,0
668007589008339886,11
668075833176349897,11
668150600683463913,12
668404862936631938,11
668715179191555918,11
668759013908100298,11
668852208222502937,3
669064838769581640,7
669505107127689335,11
669611503181335470,2
669628480663604892,11
669707596809032576,11
669751399589353901,11
669803638487030587,11
670136507113552098,1
670155289471009905,3
670307011251444503,0
670536816002510180,11
670614159338397029,11
670771726360672619,0
670875218132205503,11
670910538681537499,2
671285390845683243,1
671665743255795891,11
671684874616353273,3
671688621832621513,11
671924472118418218,14
671941817462821412,0
672416112253822540,0
672701618403378370,11
673125248397972487,11
673125309097289022,11
673168117242306896,10
673326367660048158,15
673330788590452221,11
673898959915817251,14
674022256194902166,5
674143920821174524,11
674511218169899548,3
674528052329686049,0
674704880882025564,11
674763145271067405,11
674774500600367477,0
674790964496802263,11
674853569966282996,11
674854775592888474,11
675291915659077575,11
675308462168749985,4
675347707504731124,11
675375309902837167,11
675422691992052590,11
675439925024243371,1
675603202086761150,11
675913659440025111,0
675931092759242044,4
675978048146970259,0
676035035184056390,12
676104618065360363,0
676148999483667663,11
676203249973684689,11
676259177046990729,14
676626679685188651,11
676756822092119507,5
676795224584627535,4
676834502148088019,3
676842709390797597,7
677383923001814833,11
677384146643667167,11
677414852595280802,1
677495410398941497,12
677695271581582498,7
677736564070888244,1
677742620899500679,1
678003172392101982,3
678278919083911355,11
678320712705177771,0
678478411556259068,11
678712093249456880,5
678928632972748535,11
678962801060487561,3
678976988013228016,5
679169596495361846,11
679702975178178583,7
679710646499141978,14
679727998736746129,11
679751616948749909,11
680191435071587653,11
680196079133821573,11
680328019971120696,11
680365978695867712,2
680473973575321590,13
680541431567064791,13
680542483405161987,13
680614193563050512,11
680641863238384927,11
680657146613768137,11
680934575133365568,0
681221802957544512,3
681264516877101996,11
681276179559952728,12
681686689908428566,11
681807884921617558,11
682116520272030679,4
682156693133249666,5
682465560202874421,3
682531619348011785,12
682630867873345014,13
682755069042408854,5
683072478082556623,11
683364337555998655,1
683523320972667251,1
683589605594936214,11
683810766270864564,2
684003104635413374,11
684041130828663144,11
684064374598324430,3
684350297109041022,9
684630443377315299,14
684881572432363747,11
684987336266474547,0
685107587988820120,11
685316114804749450,11
685528556206595705,11
685699644119382792,12
685718346898465464,12
685722565527177612,11
685759890283292886,11
685775403047613770,11
685783634373932370,5
685811523587991037,11
686076713279009115,15
686091425319783140,10
686149851018801505,0
686172956075795935,11
686173449486884746,11
686316635990973195,0
686507039497549995,1
686548924556906118,3
686873858742399847,14
686914694458942844,1
687169994778741422,0
687223287664261047,14
687315873594621248,1
687584884670860807,11
687796417542276814,11
687827492526878454,11
688271508297404262,11
688338262173894983,6
688356054249763224,12
688427466766086088,11
688428492497000933,11
689035932527864106,0
689056104497694683,11
689089253773101447,0
689181421801452996,11
689202462557169988,11
689270915589336822,11
689449641608656042,11
689745773901420219,11
689830773906623099,11
689835419223605843,3
689913986958105212,11
689914106700932162,11
689983145781143052,5
690078491979105931,5
690351428052313937,11
690569694954790591,14
690761228114613352,11
690766382069907238,15
690996196938788279,0
691088825486835326,0
691157710731346107,11
691220523736304344,0
691374202061697590,13
691563611717951336,5
691865223181053705,11
691871675318459099,3
691938251821686964,1
692005699630898361,6
692016597357429103,11
692019565935067120,14
692659910431433253,5
692723874104916483,0
692841063387658975,11
692894588801258777,11
692896426070389498,11
692918930314510169,7
693058598118996665,1
693423180726236510,14
693433568285606343,0
693464878738041495,11
693481810889448727,11
693672371395961454,11
693685255773143762,0
693707851863830543,11
694021994903489289,0
694076745729625354,15
694098615540153145,0
694153141281789433,11
694182995621722108,11
694319038317113060,5
694483410765836506,0
694598973531909040,5
694636348164285021,11
694753006739530165,11
694802477855086967,12
694852506613378440,12
694858384504941922,0
694959090066551142,11
695018870954679051,11
695062319590229220,3
695108705211920294,11
695147391979989306,11
695199658369641982,5
695256821953558105,1
695506766450256037,1
695594087654719595,11
695635690712554119,11
695714565468691314,3
695855631399791417,11
696297078393502508,11
696330168012277022,3
696341915665039126,3
696457318817239920,1
696464107547351397,1
696602542310304703,1
696638535490228478,7
697092422783840251,11
697177315863595052,0
697254839940218097,7
697409795001326631,0
698423617477839123,1
698503823240786040,11
698598711254687814,12
698724537605460226,0
699048313225178203,14
699142886775251507,11
699181409542465851,11
699436940012638425,12
699446589939351821,0
699880325821846818,0
699906604489599891,0
699995873159196131,11
700119088556019498,11
700169480730605549,11
700270518483314736,11
700501861946320450,11
700601754172776634,11
700767472296054574,15
700914479890558093,10
701348340055266871,3
701489256472546081,11
701500571082567947,14
701575024647287169,11
701636668641612149,11
702058095361905054,1
702395553096854068,1
703471345946350159,11
703690263354653311,12
703696755142141432,11
703733125308691348,11
703742946364445431,11
703773924528978744,11
703785226500361747,0
703920207790283641,11
704236020896926970,12
704242206937644204,12
704282114955114444,0
704299789585162669,11
704487342255139397,11
704511736425263331,5
704969153811688957,5
704994108975554510,1
705037207010948640,11
705088680518257623,6
705137612117799818,11
705323647463923860,11
705650161777749863,11
705667902362743187,11
705886615783727120,11
706026307133987926,11
706031317939301225,2
706255229517264882,11
706368325643965314,0
706482183940744223,1
706535763042736871,0
706690161116222372,1
706711809839120435,12
707060906548012890,11
707098478548025564,0
707125165008552162,3
707843216340473134,11
707995169399572292,1
708239256973222187,1
708594862274495856,11
708797420913570276,11
708874262021497103,7
708888824597034906,11
708951891641235262,11
709251055041898630,11
709346462973377158,11
709366169178767880,0
709411740240692665,11
709438102969705257,5
709467558040932938,11
709505699794007422,11
709699715821116016,7
709844792374200048,7
710761370125988769,11
710859933816293111,11
710872986952331936,1
710955063529192111,11
711058881736665802,12
711126472842447183,11
711147545084987525,5
711424992279078521,11
711597036224307267,3
711686431105813190,11
711771362378048367,11
711811022338531537,4
711908949034232222,11
712169537912419356,11
712218707750269501,10
712455130083580470,2
713117793105163899,12
713144896924184413,11
713158320059793958,3
713239128192094250,12
713888639234958095,11
714076480456574596,5
714738688492430896,11
715118791267554755,11
715123668874912120,14
715124625492137512,14
715342948566697217,7
715347835530636622,11
715361922856303385,11
715801758674602598,11
715806496966315035,10
716018348653233515,15
716081986411582233,11
716133476262627280,11
716133555965651038,11
716133560120537279,11
716538192511882986,10
716543970558286725,10
716548593553304055,10
716660268908260504,0
716692613151189431,11
716758570795759218,0
716793470566522008,0
716847286637664867,11
716847602898177197,11
716891251238641816,9
717045030091988274,2
717231772902075412,14
717255527198079090,12
717538304747483776,15
717896259740617881,11
717975380848232733,11
718108381987007670,11
718152900061229938,1
718247532200693573,11
718312380743010431,11
718806442975211915,0
718890319299607024,5
718956932485354042,14
719271024963334683,11
719510711092254774,11
719521734816060211,7
719728285610209522,5
719808713905924628,11
720029040904821457,9
720030720161408618,9
720031885545524348,9
720032929586552178,9
720034111646902008,9
720035098261843715,11
720078181747771423,11
720203449570688843,15
720220619723405302,0
720236845633510932,9
720276116152552764,11
720291856293922685,15
720328999536884879,11
720475437854872050,11
720497480080318123,11
720878862463007486,15
720899217359775775,0
720912702208388795,11
720998879071501334,11
721164051637069400,11
721206169223341941,0
721279722449820610,11
721654803700721748,11
721915558606062508,9
721954665390000521,1
722624320666448120,13
722625011825042916,0
722675477237859359,11
722817231979492351,0
723059880841922853,11
723219551135851309,11
723244015492752608,11
723253619795724275,15
723282199141625872,11
723382512275495350,11
723895262366438966,0
723908222697282029,1
723987412273845428,0
724116221164183553,3
724119850886581835,14
724129958987820073,11
724208236631124661,11
724575756925821759,11
724614432217882176,15
724700608089543928,11
724756674111010796,9
725275547957224416,11
725347279359323940,0
725362598944426340,0
725498727690502986,0
725499555319755298,0
725543662382259573,6
725876862680227489,3
725990697528245456,11
726006451193450398,11
726055660860441211,11
726305677164600244,7
726353807002477926,5
726383808888886137,14
726675531233786700,11
726789578449490215,10
726809015399086003,15
726864844114153923,15
727396090556382443,11
727570338741062391,11
727732290850141315,11
728311488087109343,4
728453439952182608,0
728466452757406108,15
728672690316977108,0
728815244713764605,0
728865493729145094,11
728968454789436771,11
729011493859095175,11
729030522961010922,0
729221506373640290,11
729423208216564243,5
729736068653665906,0
729851382605046433,11
729889404636665285,15
729892357860259806,3
729921024483670151,11
729932991181049115,14
729933880216935623,4
729938927337878878,2
730500270718087643,7
730595061778542822,11
730604781317914602,11
730631715225950764,11
730657063144377034,0
730680591119440712,0
730991599566197442,11
731098473159216579,0
731139833087557604,9
731360017741601268,12
731421519639932637,11
731487744522827865,11
731697280859339524,12
731849050214439337,13
731899287004211009,7
731942435759128154,11
731961667978859765,3
732121419454998099,14
732444952123550143,1
732445843433552561,11
732574047300227311,11
732618856125062652,0
732721664459505679,0
732798293082999777,0
733257605652725825,1
733334017052435478,0
733384807389099225,0
733468898824456172,11
733475579427438982,11
733475648597572571,0
733752995390392054,2
733967891772613703,3
734257453283718758,11
734281541089300699,11
734316501079800486,13
734532329598460841,15
734657731410824551,14
734932878830975529,3
735015894894475095,13
735346096148031663,10
735351580574792691,0
735438133725346415,3
735443893846802022,11
735476697921862791,11
735490059670422032,11
735496037018339181,7
735539937275618124,1
735584705417980497,11
736058180870742630,0
736064952569169913,11
736178183815185100,15
736383788039343718,11
736396141590007130,13
736455018960571341,11
736805460058726191,11
736843468575679268,15
737156259242998644,7
737161818458091534,11
737469291726782390,1
737503707254622259,11
737538405008332886,5
737715962328878563,0
737769374254474159,3
737926371588738163,11
738387046639597173,11
738396430312372602,0
738409910787277972,15
738434229358784174,11
738493266098891124,0
738568217243479796,11
738675159923506701,13
738904033490323979,0
738987335612253951,1
739091148770922127,11
739316555680612615,7
739336304932154693,11
739731125264848672,7
739738965756345781,1
739749466328213489,11
739878485481856447,12
740004416100083482,3
740113480579764340,11
740458000433962532,12
740526382490926783,1
740533957263077523,14
740565326181348171,0
740666081202361445,0
740760869057285118,15
740774227549494165,0
741175224037224547,3
741456100072462332,6
741488897503531443,11
741497717604988146,11
741972199223790838,1
742032432818616678,11
742103592254827693,11
742225015548861692,11
742231051399230906,0
742622871475211672,0
742751026916944086,11
742919562203160504,11
742965526884968564,0
743470751758600772,6
743623946475105352,3
743806346711195453,1
744104181683923863,11
744250276325499459,8
744377746657656735,11
744465402778131819,1
744486403242733903,11
744524776429131549,10
744853928358486419,11
744895326784798545,11
744935873767960019,0
745044935048195738,11
745088316370437717,0
745172833861758060,11
745450063993912354,15
745549638876275635,1
745622482690827496,11
745796149687117737,3
746239869771142103,15
746261860296890283,11
746323998524215614,11
746493847446341369,11
746737452532347864,3
746829133362284709,6
746967739598657394,11
747101025027240211,15
747111518534500564,11
747170402040760908,2
747196344758575568,11
747284268358725980,1
747307779696983062,11
747440894220825652,1
747681395597404606,4
747699638565761501,1
747795503511330346,1
747817994306139155,0
748341633775775761,0
748517158638357464,3
748578722109353078,0
748589533873733112,0
748681610510470966,5
749138274317730211,1
749205403915914977,11
749260412696465203,2
749262676446137410,1
749689587773261572,15
749927687975372277,1
749953150048723644,1
750044102761472425,0
750066409759209532,3
750512851525591433,12
750558579608659042,1
750774325008401705,4
750785820155374887,14
750852468796965403,11
750940649958947373,7
750967709416051951,11
751034868852531191,11
751310250733130913,10
751365948618497424,11
751681934600407222,11
752123599869788547,3
752169691110424269,1
752225684612745231,0
752264409866846828,11
752343670406280948,12
752355150573302780,12
752362057023591389,12
752408340869707513,11
752744288800904536,11
752753236268727474,11
752809022529571424,2
753107626511986507,11
753415936157278304,11
753487918165586303,12
753502999890825323,12
753597905034727393,5
753741816683781423,7
753929321189109007,14
754151338340991541,11
754201482671105216,6
754232094793333510,0
754266332043526833,8
754414438124009322,11
754436996493203015,11
754462904660551013,5
754596992031203156,0
755004869313306529,14
755133997064234897,1
755147951741939716,1
755171492869120991,11
755257372122474423,15
755281732009164625,11
755345887936361405,11
755384601154723825,11
755417035370691680,7
755486399671268982,5
755495490801118308,5
755498676824206638,5
755502634533276440,5
755611075621733752,11
755659926763996613,12
755662555482950062,0
755694503444690381,11
755716305408761071,11
755750910861029713,11
755802699802863694,11
755804735660489784,15
755807808615156964,15
755832259954271250,11
755843530482765821,11
755934473351909453,14
755972100596227533,12
756046598274987470,11
756423783138694247,11
756578618573302720,11
756654774850505242,11
757119687385485102,10
757251680513748192,11
757371302747340818,11
757466192854405409,11
757626712860857692,11
757633137658076377,7
757811295316797614,6
757862052071287629,11
757868195413892655,11
757890211011419845,15
757928331290721667,15
758033925012787791,2
758039896726027973,2
758147467217608506,11
758197503356493530,11
758564964183949228,11
758565971364029536,15
758605980387857219,15
758751544134762021,11
758756280376324317,15
758757127107726682,11
758763687274347921,11
758832909247913451,11
759183745678090927,13
759488235632742782,11
759489259052645924,9
759524896815811145,11
759566265165840704,6
759614877492456427,0
759718312216437055,15
759842218137766975,7
759953164815570039,3
760014542606068197,5
760146482004199779,1
760295948811038536,2
760331994016300513,11
760798749682039660,1
760815898905636622,0
760885459345367557,15
760962788528109067,11
760967058168533872,0
761025075536366220,7
761025093947342053,7
761027402444806114,3
761029746897255192,11
761063431382467466,3
761108273242183932,11
761123917289480138,4
761146653513397286,7
761149006536003457,7
761178881248662238,0
761391147524826687,7
761560921763948771,0
761603653782061968,11
761634524402467898,15
761634585042277560,11
761646601662811745,15
761776086963463831,15
761873970149135253,11
762144295497518196,11
762263421005809252,3
762303739161311049,0
762308452497401256,7
762640704983393647,3
762816557068315515,0
762936156452258579,1
763114573949680833,12
763180897477699606,11
763221151343034068,11
763678601836297902,7
763816071617067538,0
763827246074213880,5
763978927916349898,10
763985564592860647,7
764012450331193762,7
764013898599029854,3
764055367890191382,11
764320392912031801,0
764332364606499116,11
764528728357163670,15
764530809391451491,11
764534042722399647,15
764534048911637525,9
764574031171641662,12
764607942516174531,1
764650162730107516,11
764686857370070664,0
765188516293357163,5
765268503962694028,9
765286151874738953,0
765501276539923713,13
765598915035104204,13
765817518747300691,11
765880057017805925,1
765883278402238101,1
765921379042748521,5
765926063871261548,7
765927759565250989,1
765978613768138420,12
766042756224417576,2
766057871369102077,11
766596138159664620,11
766612571205297816,5
766646226822033019,3
766744385802678998,1
766746686297310489,0
766801144751141032,12
766917971524157720,11
767235241699068362,11
767267131760079776,15
767357374383965466,11
767390931171729526,2
767484550883367391,11
767494968004565866,4
767520514141791644,11
767522250157208583,11
767579071051910917,11
767929360743914334,13
767952993122613105,11
767994792789844477,11
768075501155278381,5
768095387945654333,11
768141977354174748,9
768145124547388710,11
768158835580504227,5
768185754493020006,14
768356604661460460,12
768687500424519338,11
768693553656569304,11
769022661767644946,13
769071567212184888,13
769078037358691310,5
769449853114871774,3
769467120443379444,1
769502000366875013,11
769530055122633778,0
769564218478237331,10
769876105201936477,5
769923076575289073,5
769964841785870969,5
770267644516549757,12
770359911497598037,2
770486827746014561,0
770571443935723358,11
770871664410910914,5
770872431857865149,3
770909536650626954,7
770943876315842564,7
770950137772541969,11
770964232444712332,5
771036385162260256,7
771087750447232711,11
771088315681145462,11
771207128902555606,11
771281712090365631,11
771301351447508719,13
771658399104527747,0
771697457289219956,14
771704363389376605,1
771806859594075223,0
771837697923377936,0
771853826000413213,1
771898880115055529,0
771953673417800240,5
771972747165670061,11
771990381782287957,11
771996222241989190,15
772000895889623944,11
772015241737203008,11
772021594564842475,11
772028986095223421,11
772063710789438900,11
772092971329197222,11
772469941746744992,11
772516038331078835,11
772585906824351877,0
772630919420030630,5
772769859398854457,0
773169398460650398,11
773355943735972993,0
773599084293261941,11
773766003078139118,11
773788901578837240,11
773820985638230736,3
773983249582588813,0
773992334831636233,14
774059841419244554,12
774101249928251464,11
774116081860609047,11
774170990705685658,11
774486832843684311,11
774539022167875619,11
774577995367254554,0
774637010873040672,11
774706966261406663,11
774732068232268316,11
774805554145906374,7
774824541344435316,3
774825079318972484,11
774831020522707127,7
774941871074337187,7
775206722273195153,11
775315440720550587,11
775342028382866692,3
775573275607844715,11
775950050977463676,1
775990990353163246,1
776014509755481663,11
776218016440698811,11
776244363469473479,10
776271760013349723,0
776373794870897328,2
776682886325983974,11
776722922015623680,11
776813213708818290,11
776904532796679499,10
776967860061227744,14
777011042986128649,11
777054791702224419,11
777093172020604335,5
777445200477363130,11
777471523685844851,11
777492915452429985,0
777515250431899024,11
777550955415202670,11
777719066318675114,11
777787690717679780,11
777787781664196750,11
777795063774186943,2
777955892912272185,2
777967107087917596,11
778222332210829429,11
778275177915070207,11
778293268124927358,3
778397713807215681,5
778404318501718221,0
778467610206736503,11
778468886182517704,3
778543026230082281,5
778912224970294948,4
779109846187497147,11
779219890266062906,11
779263878097281943,11
779555719616402366,11
779915093292461663,11
779946893759907793,11
779963602346350841,11
780025343572394394,11
780372503886832551,0
780410003392958853,11
780415174829909492,11
780453809008532285,0
780455855831057714,3
780632436131754745,14
780639402010693221,0
780662357668554091,13
780746091518938753,0
781057591516536820,3
781180405400516047,0
781343034063508698,11
781937999985352976,11
782526241074249486,12
782662889580057794,9
782732544601725890,6
782747168486224040,11
783278170328216955,11
783347530943502798,11
783410775798128351,5
783611482470328626,15
784168290652580325,13
784673534200159706,5
784788324232646243,1
784810074168590072,11
785020700462460241,5
785255825905069452,11
785356530581356984,9
785379190357547538,12
785425125032696880,1
785498405937738179,11
785537130239848292,11
785564522040549068,15
785655290310704258,11
786180115924739955,10
786453102625238405,11
786831036096824521,0
786900572615323578,12
786934586060806357,6
786993058100056114,0
787216097184513260,11
787572186872108897,4
787756337950521818,9
787837616728310714,12
787953228629711156,11
788386071136812754,7
788426060189121785,12
788461551331955277,15
788520172542217703,15
788927077919580114,13
789018975140467737,0
789022647497506645,11
789024132322812311,0
789098748061058872,15
789164911715008309,11
789232958084318737,7
789321315675917460,15
789321609678508338,11
789407394824352529,11
789441491045780644,11
789887184465563839,11
790087701306790972,13
790803388667370327,11
790828434462077238,11
791032470979056035,11
791253489143161587,11
791364682948198468,11
791458110195221152,11
792138112717392053,0
792195324953948063,11
792265361816131513,11
792396196338229676,1
792478734782937272,5
792574623356051000,11
792749687297859511,1
792759805407977214,1
792778587166666724,5
792795120580640980,11
792833092060296523,11
792855729278528237,0
792977459597037756,15
792982203717646017,15
792989809634182944,3
793339271698774958,6
793353822310732638,11
793422311161805054,11
793642478857250882,11
793661633440225247,12
794064243299845416,7
794255608060444051,11
795062178313181350,11
795108741209928319,14
795122168819585062,0
795164244723278887,11
795314722423602672,11
795506654754060475,1
795538050821123858,11
795542632430142624,3
795616818068868848,3
795620758823603227,11
795686012350640368,11
795686656934583523,5
795751331894174269,11
795853067199010049,14
795890838444555494,1
795894158301249613,1
795954553426211854,0
796084653781129840,1
796183639036501292,1
796206475841658009,1
796216530371041674,1
796250237669063483,11
796262912344037702,11
796341343914445769,12
796604620573039985,5
796676845256128664,11
796865630938747750,11
796962083420356333,9
797116503202087186,2
797171127171914133,0
797174290592819640,11
797295672171771445,5
797595024447170437,0
797721976565177988,1
797733326177112332,11
797767637161686146,1
797791396862755695,11
797800058023709324,11
798104061463086268,12
798221037712218708,0
798375177459042019,12
798468497241193135,2
798490732188652132,9
798637834890659369,11
798997913828883517,14
799338047507944127,3
799376458830243928,1
799498826421814726,12
799564501285644061,1
800043360622451714,11
800112776579394584,9
800119538273373166,12
800184908148967907,11
800257836302296992,11
800623233564787229,0
800706062441463038,11
800767873265639910,11
800774756239516081,11
800802196910377777,0
800896208564401071,0
800902059354411715,3
800955508572857958,11
801015393031370720,10
801308925302615862,9
801484608233102807,11
801503950998962127,0
801509433628098075,1
801696235750243670,3
801768427330594470,12
801806002924755441,11
801984943545900058,11
802301996758478717,1
802731155722229275,11
802836951080812808,14
802922235652138185,3
802959342290674022,7
802974489808163814,1
803030615843930013,5
803051603171222851,11
803131185472678039,11
803188600881379368,11
803505703450562212,3
803589420372833535,11
803613885672053491,11
803626258144466022,1
803685302591649893,11
804252966225811897,5
804407236226038726,6
804457595451453955,3
804641032336046712,11
805053063477949473,11
805173994340844381,5
805237065455445588,2
805250046120133780,11
805337915742311343,1
805529526371906761,9
805717005234277458,11
805817133021992784,10
805827575047968766,1
805868239964588962,11
805916422809212279,11
805986356058274269,11
805989390807063666,11
805993375234854023,0
806094232553159318,2
806263552846701079,5
806305933879794220,11
806425732377427656,11
806589746434766850,0
806666092001521578,11
807237034514803883,13
807491841044321860,5
807551110806856949,11
808095739743814189,11
808104112300233647,11
808146079557087786,14
808160649808220701,14
808196777815404769,14
808588775539187300,11
808616709767342382,11
808686299107456383,12
809704029967994764,11
809789363052842010,11
810218190778243168,12
810295503910654336,0
810300660489485954,2
810310506035672645,0
810393685286420357,11
810718845899865054,1
810727744836597485,9
810775791069682485,0
810856715733620113,11
810863353036743722,15
810874888517812289,15
810890397002598714,6
811100738708324962,11
811383062101942161,11
811479389221871740,0
811519420404463468,3
811546569336029468,14
811588848003075462,5
811610596603354879,3
811659259978764892,12
811694121059223411,0
812141696294837559,5
812220857505660031,3
812286384933374830,0
812294359813504479,1
812334415247132435,15
812392558336415365,5
812529228675996723,5
812556510366591788,11
812957381105625856,14
813054061210249127,0
813064241286435805,5
813749673063060877,11
813764384467388643,11
813776070044144124,0
813790889824293757,7
813816444458916823,7
813928888038740568,11
814438019549166140,3
814469274926015253,0
814582649555122540,11
814696685080246118,3
815212919182709626,11
815875951534497402,11
816058591638689781,3
816203918407783302,11
816227417874512941,11
816278831946161831,3
816454285452520381,3
816555511040636410,11
816569604288348292,11
816610126864964100,6
816660659774419366,5
816671922862773792,10
816688663072423999,11
816705551869080045,3
816742513534508983,7
816755116213375392,5
816804716689568643,3
816826435352672940,11
816831750148882022,3
816849929352827413,3
816853164196273345,9
816862764477202005,5
816866993192290363,15
816877729703043890,11
816947779159473288,11
817011001242092246,11
817087015193189995,6
817123019767234690,11
817123354381708662,11
817299620400423393,5
817324235687354493,3
817332782580595384,3
817341332591535260,10
817361497491902869,0
817369651066826132,5
817380355131273289,5
817415451214230141,3
817445334762223037,5
817457665869926432,9
817482211849894783,7
817496471791320642,5
817503367889125238,9
817510015296594417,11
817546450997368245,11
817605819388578763,0
817652832601676424,1
817693888701154323,15
818134630342006430,11
818163590790518945,11
818240983062948826,5
818352220188156467,0
818400943525751795,3
818801317678480563,11
818809550890177607,3
818831211461383960,5
818864156492824158,14
818871847695958079,15
818925420346342226,3
818977464928141482,11
819013727320785276,13
819023983150877149,12
819647141811306169,0
820381354494968689,11
820435851083331430,11
820440701079107490,1
820634339531236684,11
820810240667305828,3
821003573223516344,14
821012563250736385,11
821257903330833425,11
821359349448546468,12
821664091595117090,1
821883596484042209,1
821960457847990089,11
822067492549741509,5
822364253781171375,2
822585200637586632,11
822633637328181068,11
822728149078305774,0
822733269337167006,11
823031389703389604,11
823135253422674176,1
823196644278744799,10
823241814219943392,11
823325059791074248,11
823350063232729772,11
823457887344928836,11
823855670987906735,11
823957398732859533,3
824110137647220952,9
824799768086502158,4
824881089918972987,0
824929947549713265,11
825207937533879490,11
825569750652843381,3
825965951948643974,11
826122554102754351,14
826335728753059167,15
826867995203115686,11
826927837853400868,11
826935553420879605,3
826941996499116588,11
826951076430098451,11
827032014901177744,11
827415658742273553,15
827435262896065484,7
827476204595506528,11
827484449154239225,11
827539597607135462,11
827573894899670827,0
827643753522904573,15
827662205467129124,12
827749690200159359,5
827749929037274331,0
828046281973535680,12
828046286362834854,11
828142960991157093,0
828257068262233930,12
828379419810353554,4
828509186879901260,11
828529993347469434,11
828566545131667591,3
828743241241281079,11
828854121377822499,11
829083208712442437,5
829612391495651032,0
829726631767383877,15
829748801852145983,3
829948803939721671,1
830019655440384653,7
830289690791869388,3
830332201716658807,11
830350644782124765,11
830509747380603478,11
830794795881349622,11
830794958984983144,11
831127896142833562,11
831216233852987034,11
831223485188805933,5
831256476423465156,1
831341744914004465,0
831554831468316783,11
831818560050836737,11
831895283058205301,12
832007662446772830,11
832027367933350604,1
832028990425328733,1
832030310391000996,1
832494046733328943,11
832499824312167801,11
832701090673218161,15
832827638844500576,11
832838600301186130,11
832926627981109173,11
833122708600369598,11
833249179797688213,15
833290035655790218,11
833327712158766463,0
833362663082859203,0
833431091839040200,9
833493245119785302,11
833569087219724571,5
833602556400535318,0
834123327864479446,11
834360338886413301,11
834699464021703942,11
834761722127664003,7
834825342071043016,0
835040101484878296,11
835062194711686171,11
835335031799871424,0
835656308121939880,11
835723304295367340,0
835742797944126382,11
835868284384150229,3
836193465420232003,1
836196178736153404,0
836209547286842097,12
836237584447777378,11
836250112877459056,11
836343038649999809,11
836358915407834455,11
836365404579313209,11
836524731178434397,1
836914510370043171,15
837047913820410741,5
837070741955014257,11
837070923725054508,3
837090214233782469,0
837147001608442590,11
837180345411477472,15
837388399442518247,13
837613651063698376,5
837676448078860291,10
837746153441716627,10
837791474381140468,10
837795114690928310,12
837799473291256751,10
837823737944115601,13
837833058870223251,11
837952727478994210,1
838449128710581025,11
838590625749033397,12
838591085433761751,5
838600422486117539,12
838725170380928498,0
839032799559432877,0
839181030248422413,1
839187257011988008,0
839238670245863380,0
839286221263433278,0
839292163809830633,11
839348501950285562,3
839982416710900221,3
840414309817957738,11
840507623363360484,11
840610293779623880,0
840695716180039969,12
840719303233978569,12
840810351127860352,11
840897981873324908,11
840909646709153924,15
841177455907427517,11
841186242808294987,11
841187732964201380,11
841220837528667090,11
841224506465867055,10
841264416014060455,11
841336941533231275,0
841351716964889464,10
841363660270744624,0
841366583893836441,10
841417350730842578,11
841525510764190082,3
841580448319911466,11
841795561939503215,0
841975325139701102,11
841977179940133726,11
841978966379238674,11
841991225647834856,11
842198488746707163,11
842429594119879363,15
842613572112019652,14
842785496279559868,5
842820235890657160,11
842900869334397671,5
843028787746840134,8
843419423546910462,8
843538001440807241,8
843605920536141852,11
843697495685047422,8
843794011764537145,12
843997457188894538,6
844008825864135112,3
844079833785686439,11
844079986679308980,11
844080136421636829,11
844196695778905258,15
844337886605216405,8
844361665891539409,8
844369939955090662,8
844371664112604043,7
844396087095480214,8
844769044935452833,11
844871762635471552,11
844874668853766705,11
845060871701570629,0
845104800285672206,15
845411495987214587,11
845569711881561648,1
845582307372582322,11
845590622748644632,11
845603802488740764,3
845687990506351927,5
845768342254829921,0
845804093913881579,12
845828885294698327,10
845831577016360261,11
846317100820431808,11
846379058819051203,5
846381465007915895,3
846419191163742599,11
846505365587405847,5
846638846990401028,5
847023341059035910,15
847117243482543060,11
847193244382724205,5
847230808513006651,15
847354929057111879,11
847381683399478427,11
847415177626850753,11
847637516352259171,11
847639433642471318,11
847679540665605727,11
847711091763249865,11
847833845238769990,7
848099128810169390,11
848492780749464893,11
848502217976783972,11
848591054011310717,11
848722644605226359,1
848771365714260382,15
848826604824015756,11
848837029272202903,5
848862366962065307,5
849162143143149526,11
849217458119109362,12
849269836765056079,7
849434426941711655,11
849504895061298228,13
849963614752578869,7
849990425468095699,0
850238050205410663,11
850679675808882476,0
850707820179198513,11
850773441716447572,11
850821049006097346,14
850900763512666881,8
850904164131783206,11
850943197930834940,4
850961607748328906,8
850962584702100401,11
851013738752451513,8
851035611995647750,8
851035700863240070,8
851356879976620264,11
851387976252225765,11
851422588974561661,11
851429377424039750,11
851453481116182275,0
851503695241011112,11
851506471118034435,11
851549913420928348,11
851582448429652008,7
851648619797532766,11
851675703112147820,11
851990438363380181,11
852129495479406231,7
852129933918439895,5
852134454235573546,11
852177838828032255,9
852477481544990082,11
852782640125121192,9
852935446004569948,1
852944904591332222,5
853094486653576979,11
853173996590893617,11
853249400532997376,11
853275853642120822,11
853316232243879507,14
853400646160071790,0
853550795544443626,11
853592108694968118,11
853699981774938088,5
853753904182388384,15
853837364430781509,11
853881348006414862,0
853891022559884200,8
853902836229625649,8
854216945816530129,8
854243598241397009,11
854318644298065064,5
854339503045735179,0
854520330366432809,11
854542462229728877,5
854866017200337292,0
855063478921226866,15
855070390769062442,9
855089167036977092,11
855927092753276640,11
855973887869958989,11
856058090767081610,11
856087134669034059,11
856473660278786237,7
856501456114623624,11
856520778534387632,11
856542781539910154,11
856566209720787737,5
856579294999205440,3
856653922819455392,11
856699350713984946,12
856761155649921843,0
856789664952863655,11
856792358903774924,15
856793315031730422,8
857157627851377811,0
857261470408415084,15
857455090525480090,11
857458814189932181,11
857579607222260978,3
857624321839012232,3
857773632029493378,11
857915281191950186,7
858190386277334524,11
858669243530747109,11
858669451261379485,11
858726790294636038,7
858916647170329134,11
858937484165620666,11
859261945185909248,14
859315182688586644,11
859380189280644041,11
859411957008039545,0
859431266736239172,5
859452944517061941,0
859460979351617745,0
859470020960501697,0
859511467740947745,0
859535329526625198,3
859584826581151772,11
859621048951659136,11
859665848377664676,11
859746292962384124,11
859983929517093045,11
860072111538274965,12
860169460756247796,0
860184140267569430,0
860187806765838895,0
860212579236512902,11
860272804206576347,0
860366458763870975,3
860384983862484427,7
860413111028036875,11
860585409617122952,11
860746351804583175,0
860787119233486910,3
860844907209330113,0
860948298282075107,11
860982282122777213,1
861059089293414260,11
861105301735270149,11
861432548414156657,11
861458347748255284,11
861496623743991841,11
861572283958152000,12
861726797487451229,9
861740625440891612,11
861741255280666721,11
861812503700082008,0
861866506827820963,0
862145887434247839,11
862316536993134120,3
862522887057009967,14
862549026274623474,2
862566263996867229,0
862583240278137398,0
862631476363669206,15
862883568145073036,11
863051968098431883,14
863092790168819803,6
863172283490450254,11
863235409662383833,11
863407258450812047,11
863615765303092325,3
863699278755360091,5
863780744886154186,12
863810841633986561,11
863866910686206684,0
864300852704705881,0
864380328585228368,4
864413034044826183,11
864457497651713193,5
864555852549439753,3
864683173941084544,11
865139539419318704,0
865277492410978655,11
865315606399581885,11
865720158033667165,11
866034313917728466,3
866072859654010021,11
866138764363429390,0
866278391295874045,11
866548989523280542,11
866654207728044443,5
866740110490944238,11
866872699005368685,14
866884769280189005,0
866904429542679600,11
867243159632168107,11
867255553991731789,5
867286401674219119,11
867425997020683515,11
867477962578016729,11
867567876558923697,0
867582246941155558,5
867655058323563151,15
868007842174372491,12
868012874821455970,11
868016157858228901,0
868039425241580135,4
868088091528761111,11
868126372367701281,6
868307353179277608,3
868348654405157582,8
868365484504357864,8
868378580767241896,8
868687134127405062,8
868700874380379629,8
868871510773396361,1
868891292380091313,5
869049231727885424,8
869075875510601663,11
869111958070462115,8
869123240806291098,8
869146407713283356,11
869428808587867235,0
869438769245627679,11
869500039822720015,5
869527988626771198,12
869565829941260718,12
869661804561080736,11
869670389118483273,15
869670999827876321,11
869681152910200879,11
869761294959961894,8
869818042703374388,11
869863885595379440,11
870224130094098893,14
870447785742708480,11
870901439595600925,15
871000988058107915,11
871036332286832845,11
871066585365073248,5
871118061372395974,3
871301391367022171,5
871649262920897398,11
871680273777423511,0
871682480154357755,9
871727821166385910,11
871728914631672989,7
871738166990458444,2
871800908512446567,11
871806738029959913,1
871834756441152291,3
871853763680323337,0
872085291264895527,11
872261240629866851,0
872307801797285128,11
872463530251504714,11
872540561175827808,11
872605165602982589,3
872617896885016820,9
872648596891763163,13
872679968823111225,2
872710064572576014,14
872882627152425455,0
873133065164724499,11
873151770974183974,11
873210795811682769,11
873304755968176425,14
873698656945903925,11
873868946577973942,14
873946363018872041,11
873965349338629665,11
873965988163817882,11
874026820710742594,2
874818782286827238,5
874878273912729461,11
875129933210982946,11
875525760939441114,1
875968956434299409,12
876101848557448407,11
876159237461594394,11
876186021133675732,11
876211267987811364,11
876214832863456714,0
876234993959790671,11
876235148940702346,11
876265234777406618,13
876287417883652440,5
876709718272778840,3
876802331642733477,2
876874285418694255,11
876893283031202264,0
876900167267022531,1
876936081116731052,11
877058292424638666,6
877417042119457955,12
877485708177827233,1
877536639052638893,7
877596154671579232,11
877610309165033864,11
877621917184695731,15
877734435106451278,11
877921282773766488,11
878065360944949639,8
878092923289713536,11
878103428391140185,11
878134049668036200,8
878174658544474130,11
878174747718774097,7
878183302449172455,0
878245414212937142,0
878294377609663849,0
878324075177463581,0
878327166134114783,3
878335965794895733,0
878382773568746854,11
878508021157402348,11
878582272544987672,14
878831695748797501,5
878869671811689434,11
878886892517257397,11
879022911849322114,11
879084466496328561,0
879207759378383307,12
879217322620148010,11
879796231486979086,11
879855416008588694,0
880361995821639015,3
880510089399365611,2
880662310642851651,0
880960344118046714,11
880985812549002040,11
881079575536249157,0
881277503402872034,0
881292459522371923,0
881362668843548364,11
881632252131777015,11
881737868593269894,11
881872303242520229,1
881882558970004326,14
881900735375415640,0
881903088109735885,11
882065390185875743,11
882460575471643406,11
882544311934957852,11
882580524519052163,11
882615369635876514,11
882651621051716875,11
882672476626310553,14
882706764976992942,11
882853618246734885,11
883010163717909545,11
883219127583027315,11
883221791781417947,11
883228739818918993,11
883298064454623499,11
883359751119894653,9
883444541491803789,11
883499210481842808,7
883514898274573066,11
884116448671124366,10
884234158107999303,14
884540288766535311,14
884542231556981789,14
884543412233679003,14
884611824148455118,5
884646417008381589,0
884701625549803170,0
884705412516865588,11
884789438197030077,11
884926597728054531,5
885004119830786928,11
885097884555457911,9
885217939635593215,11
885290967824488445,11
885538799264819408,0
885569843920351434,0
885703175778315592,7
885862487524830684,0
885932487135702387,2
885992468006895094,9
886170172085529658,11
886189753675412320,11
886311185686204036,11
886353198392350563,11
886364821890744346,8
886365675939638744,3
886375558797432057,8
886383707334011186,11
886393584328568657,8
886408119186489229,11
886430647293797704,11
886431149965705941,8
886455320303897900,1
886467125932743936,11
886798593942100895,11
886847997754498464,12
887004702851786254,15
887007256828652723,0
887130764473398722,11
887134453834541019,12
887184013013901954,14
887187540308801011,14
887550050478512086,7
887633450080457686,11
887671353234992605,12
887683274161713329,6
887774697858953279,5
887794413208546563,11
887795422265856525,5
887812371153773678,11
887820802679979183,11
887910368419006438,14
888302791567690466,7
888376874315696894,12
888573516187668497,11
888612152481594826,3
888968214642630565,10
888973751306919020,1
889169842153358819,10
889185196160006083,11
889221978452904669,6
889261164541577975,11
889300487038719337,13
889632085019516555,9
889729003583264141,5
889777937503299949,15
889859767719102941,10
889867906703102694,7
889870893678449185,2
889880492947000165,9
889893415529421123,9
889939319307704193,7
889987016940439267,4
890017009220899924,12
890051326015951416,7
890510222879392664,5
890541738166519613,5
890585944024639244,13
890623835646588610,0
890652680643887533,0
890654906988158497,11
890736364720083653,11
891174033240407474,0
891175108006567396,11
891197880657520762,11
891201923111786922,11
891209851932429836,0
891259558869882748,11
891285350931745001,3
891292901035907602,14
891301372123020808,0
891305315100168251,11
891470162744673910,5
891489719475532749,11
891490372487488136,11
891549553941362859,11
891884778546429354,0
891935598297485182,5
891975556376574473,11
891999026683358142,0
892031113842787131,11
892107178113922208,9
892130357727028485,11
892663385049539981,0
892726979106608161,15
892853472738851423,9
892937494304800200,0
892968977723636490,0
893373431080367164,11
893417967958488985,3
893474575885761947,11
893515908791051856,9
893516452989735089,0
893628647065795349,11
893730011649909460,14
894033955335745686,11
894182582322576563,11
894199997691944199,2
894345657748716717,0
894382444251837756,15
894430017187804633,7
894524277914464554,11
894568385341862317,11
894708724735036294,10
894709915101940022,15
894791081342823854,0
894816506992540737,1
894966672761159529,3
894982129566101541,1
895037453489947952,11
895042288548170578,11
895074492454336901,11
895090172388850959,11
895093287417729913,0
895111941486436850,14
895124829859690579,14
895175905970139341,11
895179712548599371,0
895195710026367579,15
895562910483930640,11
895576610855207264,7
895579396911914463,11
895646922644026152,7
895854802288757439,11
896323698885647864,11
896330472803419707,13
896385732767008325,3
896626367492945332,11
896699063016466973,11
897011842630508063,0
897022825641325355,11
897046461202411287,11
897178389531300608,11
897199569389113687,11
897238306035152413,3
897347381238334678,11
897384161762033973,15
897702692260516567,11
897779342726309400,0
897799834326004245,11
897813129150950301,7
897857479857031060,5
897942194652560095,0
897985109006204965,13
898392775042743466,3
898465365759792828,11
898513194277524095,5
898592336222446795,11
898682208181058808,5
898745583645958186,11
898745882286408944,11
898790757579371861,1
898849749843909283,11
898878182454978432,11
899075374876757644,11
899192853116137103,0
899216632541138665,0
899219288524097406,3
899394049130733919,11
899548056668183665,3
899853282992038562,11
899871125679790743,0
899940046790837192,0
900136738063161899,12
900187306565692038,1
901345854614225299,15
901369226742447595,11
901465450361189600,1
901486742358248108,12
901509279632217361,3
901516715720620808,1
901530263580190012,11
901536116837862391,11
902052366224731337,10
902088348279193811,11
902115092822885522,4
902120145317209712,0
902140748487075687,11
902238991952088802,7
902377783306451886,11
902382335254520047,0
902387477191813917,12
902399042705243659,11
902425802585373670,0
902866424744493261,11
902887754662709606,1
902927236560432064,15
902950797746623557,1
902976446536806230,2
903000047204759484,0
903498010060712904,11
903659240698001838,9
903675325036785387,11
903711516747018760,11
903722055067680340,11
903757995232287707,11
903763217438659391,11
903827460193939203,11
904187595442322570,11
904273566258657542,11
904357689419271041,15
904395519662759216,9
904444938826191136,11
904660201345116177,12
904873514215391080,11
905087995872873788,11
905114661617877739,7
905117809090547792,1
905117980779861039,1
905215516245389062,3
905227214104617663,10
905611963178336840,1
905648405427721336,0
905802665791101474,11
905817471825948122,0
905820008486708988,11
905901030325362911,1
906054382682154506,3
906123632042966148,5
906462090108459161,10
906628726908469650,0
906782972176640119,3
907128938872482034,11
907208155938961688,11
907228543111463167,11
907275543482191417,11
907338196931511714,11
907403624045669025,11
907600049064594105,3
907858900682862348,6
907893138609276367,0
907958272909561818,1
907988245813273558,11
908091404031065805,11
908324462055607101,5
908573342262680728,11
908635330757184606,1
908759901506442388,1
908780959835381680,9
908812974354480721,5
908871572369439803,11
908915534466935611,13
908951209840003451,11
908961352494932153,13
909041279278189701,0
909380542982096865,0
909404571946298867,5
909530540638892886,11
909544719886793206,6
909557802618183359,5
909582761848954523,3
909686836730236606,11
909990681548478541,3
910118863280641382,3
910326169685668189,7
910340663814447021,11
910347771765172964,11
910354975025871936,11
910391226281822684,11
910478161370606180,14
910937992147210686,5
911124099254138700,0
911436841218692872,11
911442594724405275,1
911518230348455415,11
911534384928120378,11
911624702177055405,1
911731685628897169,1
911971629100430978,9
912234035645213759,11
912244643338347674,11
912311737114074181,12
912331367837203276,11
912445264733129400,11
912492194590143992,14
912495631887337495,11
912516503058648708,11
912775310670060531,12
912812476512033208,1
912816546670653005,11
912859564030978962,11
912932299762236473,3
912949662835633063,11
912975041126754083,11
913114629237902575,0
913222987942218629,11
913245277555710951,11
913250390802099000,11
913290468340726663,0
913597142808876206,7
913679979805606134,10
913756717265636720,5
913782709887823794,3
913789732507808167,5
913859863741685737,4
913871167966860678,11
913878546621464701,11
913913712686420344,1
913978009878067640,7
914077304684006720,9
914221714485688521,11
914476818373439348,0
914486916451915877,0
914597275727277683,0
914667678619315463,12
914695127817441020,1
914797885166755172,0
914799127420390194,12
914802471742026020,12
915047627804078999,11
915117284290960632,11
915175160958383286,11
915202662983688772,1
915236458130250488,15
915381060855583099,5
915385528777906963,11
915444719885523769,6
915458010967414721,11
915783438262889690,11
915826077105083941,3
916023517278214587,0
916076812043732199,11
916180855673752506,11
916559335827614173,5
916612368995145057,3
916747205775551522,9
916850499114011237,11
916870073376598599,11
916887015949992200,11
916987038207177634,11
917009170639185542,11
917020367152083403,11
917383966962437436,11
917456172993470179,5
917508833068820491,1
917558492415040391,3
917565864721756784,14
917579926072568522,9
917616971680130657,5
917702638469255664,11
917732615220491151,11
917878149546586667,0
918003807111879191,11
918027738082661715,12
918049478989992098,0
918090537630325309,2
918130154495470545,11
918200514973845614,11
918204530536145119,6
918291673223153936,11
918313258723336458,11
918314761094033422,4
918330646716103606,3
918344734416758416,11
918693224362884548,1
918848902678053230,5
918875121735433513,7
918883556910630903,0
919072835645411391,3
919405157287238689,12
919410793996558706,5
919447270054500942,9
919473872793346069,11
919479736008786667,9
919637269307224211,7
919666028676684899,11
919720541545214417,11
919747839576752830,11
919806017179459239,5
919823749161655977,0
919828717048291061,11
920214030673593114,11
920248751129666297,11
920264556501241915,11
920427733776264432,11
920471416510862273,11
921125733657888747,11
921135137585653827,0
921238268061567241,11
921303641353259854,3
921405026457635469,11
921738911065434087,11
921943948806342157,11
922409597160648541,0
922483099871477638,14
922609828352154284,7
922663234152981000,11
922699862904727325,11
922711288190555593,11
923038900262431103,11
923090721018772930,5
923106284064299127,11
923182518251404594,11
923304960312572346,11
923328681971049787,5
923334631510875803,3
923351644402310489,0
923361431353015315,12
923385133461356821,0
923390006453031708,11
923472149488490185,14
923486310078532272,9
923561311537613712,11
923568059882500974,11
923572328826632977,11
923734149583450945,11
923775582053349786,11
923818792027406183,5
923868912430033444,11
923899074655233321,11
923935427065155916,0
923941142743065656,11
923956298396897164,5
923969535897216018,9
923972545192938514,11
924133955443749668,14
924273470399332567,3
924624362446505388,11
924634252547242439,11
924759091695320702,4
924774736373863672,11
924780736962837471,11
924924853151560660,11
925350284642395418,11
925392735802542503,2
925653969074741529,10
926044618904509161,11
926065729637573158,3
926069199430528339,3
926115386961457432,14
926187240119513643,1
926695423712812250,11
926754522751652294,11
926808531420427144,3
926815404840605000,7
926847946449486349,0
927000682640533049,11
927013693431674232,15
927129471561410935,11
927250063363466799,14
927369166510375374,1
927510466829584581,11
927540027756533195,11
927541431847718375,11
927693591397797618,1
927704068940216066,4
927704770874054662,1
927723813417448975,9
927785721841081747,11
927789493342071550,11
927838168307481622,14
928129027014494450,1
928163899677220585,11
928188468821584931,15
928256039278962470,14
928302460268845725,11
928302945087468547,15
928325326606283629,11
928369978317459139,1
928370074824661455,11
928418519095131685,13
928451720594184994,11
928526289830691798,11
928797333528514506,2
928902210997688164,15
928916076679098298,3
928934920213062812,12
928984041453740848,11
929011093421799260,0
929023666094923649,11
929048373872694304,1
929052148099248003,11
929057152465631297,5
929065962823769726,12
929148525858366154,11
929180902860076803,11
929221880107502886,2
929628194188084506,0
929716425118528005,11
929722572719620494,11
929765189763552395,14
929788979096760239,11
929789586278462201,11
929880629574513103,11
929909810193077634,0
929956885501266251,9
929996948475455753,3
930017921569042505,11
930350071501140119,11
930396385284584842,1
930443432729924146,11
930495227384094908,3
930529506637005180,11
930608629499018594,9
930677099525810472,11
931087684260060136,1
931089563926117417,1
931119460056014636,11
931150095360740231,11
931527381592796763,11
931538603042320468,11
931549891905439989,11
931916969457548014,2
932024934512111785,11
932120901811154571,0
932190686405264310,15
932682184414092139,11
932696493348758630,11
932698474075052299,11
932709706535619519,0
932713286007684648,11
932870498729391337,3
932885852610327999,7
933169333449653243,11
933263260636373087,3
933275727591555081,0
933344792158417693,5
933378737863155048,0
933529625658376226,5
933532471021940547,0
933566567667486829,5
933598920419195647,11
933883896938707339,11
934011298683673378,11
934207350396830073,11
934262253950294285,11
934268909497907607,11
934401957646809592,0
934410337669816298,11
934762487582256596,9
934858359458422305,1
934951481186249108,10
935106561297605530,11
935166617412281630,7
935311623114465174,7
935320098687869974,0
935426117869066205,6
935497485785907780,0
935632332729866007,1
935727299925816210,13
936094881610665141,15
936164633333873900,5
936197311784736226,11
936200205099261801,11
936212931629096113,0
936255401258534650,6
936259626641406823,15
936279371091836290,13
936400822415446954,13
936417176507734115,7
936876675893600078,0
936892371291150348,11
936917948803602418,14
937088153735520161,11
937088908252411131,0
937126877375730296,11
937150537848331102,11
937175249736041582,3
937231029599242598,11
937250197169670933,11
937266514659136544,7
937457744616916814,0
937590721943809872,0
937765101675697457,0
937769461587453265,15
937824510432306534,11
937964178495001513,0
937972974075861150,11
938287223670894241,0
938351579351825152,0
938467174923334174,7
938477035841671623,0
938493996119528866,11
938600269052635503,11
938632033911647965,15
938685820833972714,0
938740241459874261,14
939041440979831807,2
939046670278844044,0
939106227718174732,11
939118471477942430,11
939122034261699975,0
939130382708404302,11
939337183958071297,3
939354025575893836,11
939371473275922991,11
939708990496883005,11
939737735192394314,7
939775595530320953,1
939810224535322722,11
939854255223935329,14
939864667455871534,14
939926948019822361,11
939960366749130150,11
939973541368400323,11
940014005375121655,11
940069996992900439,11
940084977965377835,11
940414481559582958,11
940492017744552504,0
940495229207266787,3
940510408697589928,14
940510773876610704,0
940513118851174182,0
940644094703349953,11
940752049165540224,5
940779007656167036,11
940804065653830827,11
940829105429920079,11
940835840134133112,3
941089359937531286,0
941184887432858534,13
941341034143647686,11
941381022431906687,5
941415126513993462,11
941517061501392491,11
941556753656323801,11
942095214307782614,0
942135153226908529,11
942262982104473978,0
942322862950475226,3
942587602555127997,9
942809675941884950,10
942836197426995150,12
942983843454816269,7
943011195512598617,7
943432924844823430,15
943524129317605444,3
943614610665508129,2
943916452755044333,12
944076629408018514,11
944229661085054797,11
944244577961897340,11
944438343676443674,11
944953997458479478,11
945114159712141734,14
945561169863819298,0
945600616013218143,11
945605885818533201,0
945645822679437216,11
945821647412792236,2
945846867787754805,15
945863856148196568,11
945957695917025900,2
946216885821590068,12
946248293770944500,11
946256210650563183,11
946297903224913087,3
946352825094297024,10
946371758196808357,11
946384156678748516,11
946414343121559550,6
946564558470091366,11
946954080708771979,11
947270805967477011,11
947398210885478605,0
947581154702193837,11
947711477583280915,11
947728272857833462,7
947806511366881246,13
947811404543210980,13
947832031919972335,0
947889845817562853,11
947908607685614750,15
947927298626924879,3
947931202552122857,7
947935844713496138,6
947970563614976506,7
947981355580828188,0
948111355187411663,11
948116282944946579,0
948433562006655250,1
948754768563584516,11
948800491025342320,11
948847048260587340,12
948952522936415908,15
949183229385701251,14
949259017412144227,3
949316562007648106,11
949317117254941271,11
949320005453492870,0
949383441219779626,11
949422882725198613,11
949447302696484755,11
949481382089409899,0
949758995042098857,11
949832141752253992,5
949939545938564548,15
949998575367756845,0
950083490588092723,3
950236591036091774,1
950271172582183362,5
950284145191468202,0
950357850831034080,6
950377425530255965,11
950396842899917957,11
950610419312147980,11
950670599058897976,0
950693373566743257,5
950739201126516376,1
950832612271474348,11
951284570763365508,15
951544218485938171,11
952049023937171173,11
952062853352021745,11
952398106252147080,12
952462818177259890,11
952731868692335814,11
952804497954970301,15
952939258822240087,11
952985656917280329,11
952988658645474610,11
952992229114918970,11
953008545205676358,2
953023361259868768,1
953100392534365378,0
953115225063503882,2
953122387469011090,0
953185166506721447,11
953602304576638973,2
953623377178001494,15
953646443521125977,11
953788206042658477,3
953826127981176138,11
954218045425358437,11
954225115462489737,11
954227298106484313,0
954251650452608849,11
954270889401074545,11
954280702210084863,11
954298103214301444,14
954311279729088036,10
954320205626763075,7
954442555375704205,11
954446426253536838,11
954658997060146813,1
954920072288104607,0
954985587553102790,3
955086359935285003,11
955087017197114669,11
955091512689639589,11
955149188483282774,12
955226442621791979,11
955268865637990775,0
955270870919295357,11
955387642721863277,11
955725168481389942,12
955770084333824133,11
955808731508751522,11
955866664424393141,11
955869427399584774,0
955884665882199945,11
955884834329776786,11
956449440377428435,14
956496813198247370,0
956527780403149357,0
956660647809747309,11
956692825221837999,11
956703061804104002,11
956730531078090911,3
956890411360955400,11
957092591716139780,11
957103694458846727,3
957145237927668559,11
957385060935929790,11
957390875207811892,14
957504696437150814,1
957561302941532485,11
957770174182216988,11
957986913216093112,0
958049685799062393,11
958113924022614754,0
958156528368766814,0
958237203872732466,0
958238430775675593,0
958255200006280489,3
958355713858259588,15
958530923468559917,14
958560966254272617,11
958601397235509128,10
958734952468173525,4
958735180862952742,11
958754177385359955,3
958787664577800351,14
958840126581514405,12
958922036248943173,3
958925812003228538,0
959032214815689510,6
959192163585096462,5
959260302603940909,14
959287474815784338,0
959393230012955817,11
959535416900025370,11
959651465012744954,11
959694210477151060,11
960011346837327598,11
960056399160498288,1
960090718403383041,11
960205916730187733,5
960364193181100371,0
960450546037099527,11
960779608030704257,3
960783713148259250,13
960909641316138624,2
960922373233288270,13
961159300919461413,7
961580811979259483,11
961614707433082335,0
961618455758938545,11
961649851297702269,0
961650925253950727,3
961727587342697117,14
961754416256224508,11
961796164812816014,7
961824642935788234,11
961861412783492370,12
962147229037378721,11
962187673912595348,7
962216102052525443,0
962339419138593135,4
962471025953497588,11
962505643320469069,13
962560855880033880,11
962598652326206829,11
962884105867046356,11
962950305254584737,10
962984186813594916,11
963021462018219458,10
963091525506257462,11
963098123855687285,11
963100736128926166,11
963198224459051070,13
963234259331653054,9
963242213183392238,11
963603413805607291,11
963626544430567957,1
963674352378972387,11
963753574244764340,12
963843114094721430,11
963943630597263188,7
963944778636491758,11
963953541664421626,11
963961882935621179,11
963986393898165556,5
963992081051937043,11
964043887052330727,0
964446513754100982,3
964528890762679418,9
964532357423896755,9
964540513463200487,11
964556000231577983,11
964637465519487574,7
964665430339763448,12
965121180035552506,11
965141504861359445,11
965186163693911596,11
965225931680971165,0
965246485498853251,5
965498122854978479,4
965918526919905622,1
966069322996094459,5
966183667742529223,11
966230197779028379,7
966526299952710909,1
966551057484087632,3
966615819834894499,3
966876270901863224,0
966899061507042972,11
966931749664760124,0
967441523547950223,11
967623693590952301,11
967670525510505081,11
967928902226273037,0
968095907287290890,11
968113863798553885,5
968154638811194023,11
968212260790834713,13
968245015996548729,0
968278605003068825,14
968407400099426286,11
968640788465580959,11
968785318522848533,11
968831043930913402,0
969038351939849808,11
969070234832182347,2
969408667251276036,14
969432929194337156,11
969447940896063060,1
969455592772672458,10
969467201189871316,14
969476051781581252,11
969573768778584913,11
969669821945397211,0
969780937485361528,0
970199302003314290,1
970253429028345755,11
970258994697061567,11
970505667352624065,12
970549105055418153,3
970650775078202294,11
970869360419506397,3
970899860784159160,11
971036327488475929,11
971118013839277184,11
971149214471158083,9
971157852051822202,11
971165350380147280,11
971216754177673357,11
971253313038618989,3
971413931198580589,15
971484444068357193,15
971667520745272403,11
971827603628065115,15
971888977984170656,11
972100931001286896,11
972342451905685213,11
972385756652169723,11
972410745290956598,7
972500768049873731,11
972500951555303837,0
972600031883353692,14
973141995179010421,11
973160569077227784,15
973215100259413347,12
973249504876617210,5
973258588635134946,0
973279569523990709,10
973347526292308495,10
973354770675105036,5
973378020512740712,11
973425351787364900,0
973444969956616798,3
973481593979252667,11
973738634993050731,11
973908151595397813,4
974036079872336351,11
974049789535172660,11
974176438447807129,7
974199496408928052,11
974208848664250820,11
974511677930148648,11
974642337230752897,11
974883993994263478,11
975179836660569128,12
975441138519227660,5
975591747672052858,0
975929340169150576,11
976025939324027552,11
976030251117481991,11
976059486116575487,7
976151839899448903,5
976735310426793895,0
976853600200303475,14
976982884077968677,11
977012617840778400,0
977040904506263672,11
977146718504832363,11
977634153554004005,9
977710003432084289,5
977717842484136388,7
977782347600035389,3
977847863895576825,3
977870810249626934,5
978411632217220787,11
978441440999478843,11
978495156744591355,1
978504677134421960,11
978523403567023481,1
978795181354622663,11
978797651617313164,11
978811360168230554,11
978973619006287733,10
979067597811445456,0
979172935145419254,11
979178534785804384,5
979631412931796481,1
979632294931508453,1
979699521253768266,1
979703396176235332,1
979723598567059847,11
979803827426296765,11
979930728680749025,1
980094570173177625,11
980112757177061846,11
980152345951900209,7
980317008529496303,11
980494024285957843,11
980567396753443802,11
980600056625814693,7
980617058758804556,11
980632105387412947,1
980692418137999543,11
980745879572353585,11
980755424970469807,0
981119833049310876,3
981138437224579488,0
981174040049092814,11
981195944141139538,11
981252075868886382,0
981309950145764051,11
981932317452613712,11
981979548632717042,12
982008679903915826,1
982176001975986823,11
982484273886517990,13
982569073049327199,9
982593760391869807,3
982945382847132839,14
982946310667878510,11
983165513214209344,3
983262132282059751,15
983311096315523011,1
983327341209779984,11
983376026267645944,11
983379950848237626,11
983416283560025967,15
983480259980689600,4
983496672623848532,9
983645518700239566,11
983923287488607572,11
983952978098516161,0
983982190874580850,10
983987525844013375,11
984057912078430020,11
984063508653151156,0
984110156555883860,3
984212932978782911,0
984273982375175683,11
984302799631498627,11
984318524588022098,0
984370622811729163,11
984380764159147634,9
984658525159465577,0
984766271944726381,3
984861886897696810,11
985037653961621106,11
985038783214600021,11
985383397278952506,15
985409006297689029,5
985474931264353196,2
985489733132420175,15
985728095816190325,11
985734708685719572,0
985794827154881756,11
985813200991940875,11
986078121883153158,11
986101033161971992,11
986136475488598180,11
986140618287948880,11
986291572039075491,3
986357067172837760,11
986426907371215728,11
986436432562315672,11
986481629969457783,11
986577946638286106,1
986606643924380599,1
986811440087193908,11
986978255326125000,11
986978396509683041,5
987064635596707064,11
987552695810006849,11
987585937025766752,0
987886873361185265,3
987897473522668496,11
988032309511932762,11
988053571058739393,11
988231306506887730,11
988329042597822444,7
988389721531349276,12
988421884102889818,5
988499379052248759,11
988511273225098780,13
988525539078797057,12
988590635519271656,11
989180435520680746,1
989347179295460854,0
989432488686208550,11
989688865996780009,11
989921959235254626,12
989974783352383877,12
989984074915210693,11
990023311973467708,11
990048372806520122,14
990113302944912411,0
990446250255803957,11
990530361624570924,11
990771220858576212,11
990800492077840048,12
990842627919028295,5
990863899126662424,12
991201885433804010,11
991315283739197592,0
991466504750885881,11
991576500019959970,11
991985742540763778,0
991988631021049788,11
991997233569599162,11
992098868188124540,11
992284669191741526,1
992322521584203903,11
992419332795476255,11
992563335502549570,0
992700114832294331,7
992745308111236556,11
992845106496852908,15
992849126407546930,11
992942278446723503,0
993043184523332329,5
993399327460978732,0
993422681528803918,15
993436300532009853,14
993508644361255468,11
993514714025832497,5
993626903426524182,0
993656516983703448,2
993661144290166003,7
993670895795804228,11
993745076343506756,11
993760585191644528,1
993764429288123030,11
993772658892031954,11
994138083943252721,0
994144421539536872,10
994162345844176860,11
994192650699347953,6
994247242288137205,1
994342017993980950,2
994373982680817217,11
994391230515059526,0
994412275070375457,11
994434124030916931,11
994510859318092477,11
994850352855897866,1
994891919555380579,11
994918778910556562,3
995014912763336760,0
995025808935724176,12
995100630699702302,3
995124387865881849,9
995495606691313313,11
995530260107340415,7
995538333177575061,11
995584003243080252,1
995658042381617641,0
995694697959890126,12
995802424209315893,0
995809989993264848,3
995913154307481138,11
996270459102744113,3
996433891913514170,0
996447415887461676,11
996455805656165718,0
996478729739140692,11
996592495169987640,5
996960203373537389,0
996977442239394760,0
997081952733411494,14
997088959608664823,6
997224871677173374,12
997746068042067082,11
997777821618050986,11
997810555056533240,11
997862809261884559,11
998020653617989506,11
998074437946361524,5
998091118357340333,4
998294000723712648,11
998294005828790699,11
998294014362709475,11
998426122461333985,15
998441776441045094,11
998472637360870263,11
998515007070027782,3
998576031366953272,0
998626241499255404,11
998758930256019010,0
998834351163558008,0
998884961730348246,14
999208238779520557,5
999307962710694427,11
999350896955382448,11
999364189872948955,11
999568126834124029,5
999885632641226463,11
999905311216447233,11
999949113888385616,5
999980707820268957,7
1000005988728121190,0
1000105512731018201,12
1000155028672197263,5
1000717010650568978,0
1000783987028039175,11
1000838255197391345,11
1000843295348465849,11
1000872331679411536,7
1000883370593489237,11
1000959140422909679,11
1001004237436179927,11
1001024551604803925,7
1001030300049430873,6
1001060869218686555,11
1001112073162562621,11
1001329611676563995,11
1001340469762302440,11
1001342465804748112,11
1001364951752032144,12
1001377847948123348,11
1001454459886904286,10
1001595170038971228,15
1001661852013723322,5
1001671523470970272,14
1001742534528582371,11
1001751730336298450,11
1002021302089111532,5
1002270482954190553,11
1002296153124025324,3
1002298684319141327,11
1002372363818179500,11
1002380238755403746,7
1002900722509922560,11
1002942821090751196,11
1002965018004245711,11
1002984968328638677,0
1002992424634465181,12
1003034561639814019,7
1003249844161421754,11
1003475105329188935,3
1003544650322430221,11
1003577281601436302,5
1003613456215490841,14
1003648033831984719,11
1003658358008361250,11
1003678399148294206,11
1003726523076936734,14
1003801084272462146,0
1003898442459366627,11
1004013699276160240,4
1004187692610642599,1
1004211740352322231,12
1004246552943589635,11
1004248062408721172,11
1004248855480057119,11
1004250252777319277,11
1004266434286117439,5
1004332093263636775,2
1004435559631754548,2
1004437345508770391,12
1004515665713807980,0
1004588217027641652,3
1004945962956898017,11
1004978374099897261,11
1005008505242306661,11
1005029605569029859,11
1005112871203835226,6
1005230896702234298,0
1005690789128832648,5
1005713387177689601,7
1005787488102041520,7
1005868423474912364,11
1005948051865740278,13
1005949368872561782,13
1005980983969205194,12
1006055732018784263,5
1006100738891830458,11
1006590146560831037,7
1006697148348425935,11
1006712988659948852,12
1006741561099559910,11
1006769079052057891,12
1006845173608361784,11
1006856731257006220,11
1006864041779505684,11
1007050030529923221,11
1007148590715886395,11
1007561928726147328,11
1007572143777388329,11
1007578924707903829,11
1007812019033317405,11
1007864966774210728,15
1007974564341922938,9
1008023141348701038,11
1008280351378633103,5
1008623060169330521,0
1008651096897784086,3
1008679840460204783,11
1008687218703562052,11
1008761182479950424,3
1008855570620307032,11
1008874582340472843,3
1008901357251824887,11
1008933498805716568,11
1008939487097156737,11
1008995222499586514,14
1009011851093744770,14
1009029153103316450,14
1009346438446352828,1
1009496005062101232,11
1009523424165518642,3
1009562926369375245,11
1009657514473045205,10
1009792690780152267,11
1009953716832815576,11
1010026352788500383,3
1010229413678168734,12
1010330005030019219,0
1010392125508157425,11
1010754264562191491,15
1010946292008388639,15
1010954734225018777,1
1010986479029659399,11
1011004656552582934,11
1011047658850992280,15
1011473119347100008,11
1011562473971257956,12
1011632390754896541,11
1011765398955977523,15
1011889346034531810,11
1011929545338688232,11
1012356946700362232,11
1012377610316084232,7
1012407542858992899,11
1012500669174338379,5
1012569581404480158,1
1012574181183143304,15
1012610054569667011,12
1012912749426970107,11
1012926437782237740,12
1012969581855435626,0
1013103509244081285,0
1013297314608785970,12
1013335267964882301,5
1013387027828997440,11
1013645192703169027,11
1013646625706225274,11
1013647795512500558,11
1013651917568757348,11
1013770477484275530,3
1013776906627313712,11
1013793125711361408,11
1013872383518830836,11
1013979553467150161,7
1014015903399573379,12
1014027419202396237,11
1014119761503345550,11
1014353476395247906,15
1014518536777361334,11
1014659264796703119,14
1015053703630158356,3
1015117176248004740,11
1015121934708179037,15
1015163303589581872,2
1015371567765239118,11
1015481242576375589,11
1015555726723027322,1
1015805112666992851,11
1015823047593240366,0
1015861899434715355,11
1015868389767130282,11
1015913113520525647,15
1015929658728512151,15
1015980950474101376,6
1016048904883171399,15
1016154279682532726,11
1016212901549051177,11
1016596729450240662,1
1016762985646168764,3
1016829253972494993,3
1016834814925153459,11
1016854886967614006,3
1016944563874576641,11
1017339912527106502,11
1017356693711743252,1
1017367502900481797,5
1017370228381723607,1
1017378785820939775,1
1017395536134611968,11
1017410538565859773,5
1017479681951743796,11
1017558606092467677,0
1017563296471681782,11
1017580104527993404,11
1017597039816637088,14
1017618964220586531,11
1017644694451919109,14
1017659327910151638,11
1017671112552919237,11
1017715905146536992,11
1018213098222020760,11
1018223081177821237,9
1018246518767127484,12
1018249753137632459,11
1018327697309542732,7
1018334602466771842,5
1018336731636746488,15
1018407747133103881,13
1018437660530212434,13
1018488925430299213,11
1018883835441409974,11
1018894988244979383,11
1018931099746855730,15
1018936826895042315,1
1019030860458279667,5
1019083771936540452,5
1019118994049027155,0
1019128065197050961,15
1019159982180664166,15
1019178542806119543,15
1019178602280181935,15
1019189328859555942,15
1019505848398157957,1
1019511561160496994,1
1019585144477640768,11
1019590787198108055,11
1019670620137195343,11
1019680485309618913,11
1019709518686768738,11
1019781171525162634,14
1019864088659579612,11
1019880605965650149,0
1019933034827904944,0
1020196998557973640,0
1020319924987904495,11
1020376266352360213,0
1020398975293885124,2
1020422085606940029,0
1020626219829873997,3
1020643818166542065,11
1020773213393519898,14
1020906817510990522,0
1021032746425889237,9
1021084015179793604,0
1021153160485485839,0
1021172489505759189,11
1021321035845911704,0
1021723833913969196,11
1021761355558288536,11
1021773550985698368,11
1021838464511681613,11
1021865242375327538,7
1022016199357840653,12
1022026814197718501,0
1022092865571759702,11
1022361637289069053,11
1022602441500826736,11
1022629073387102323,11
1022724227527173885,11
1022755518535046141,11
1022755865629429134,11
1023199194253825356,11
1023201589358118908,6
1023255671647412573,11
1023350921636220292,11
1023367174542662634,3
1023434710320349471,7
1023456608353068932,14
1023600590233418003,13
1023865384358724942,7
1023884388018893707,11
1023892258694999525,11
1023892716522292447,12
1023903418299247505,11
1023959172537237915,10
1024008956816586263,11
1024025949239453113,5
1024116216598258537,14
1024140511425559367,0
1024145716860861252,5
1024169271710605698,11
1024180895167819634,3
1024566419245957568,11
1024896732179049799,5
1024985011119076414,11
1025294041663238903,11
1025435460437189337,11
1025442989233671830,1
1025465348133748213,11
1025558592227573014,11
1025604060687589984,11
1025871447904141095,11
1026086043033926909,11
1026112320146692509,13
1026121240443383841,13
1026123980277375062,13
1026230904677787532,10
1026304399239256270,0
1026350085418498642,11
1026382194481710156,11
1026398245436418811,11
1026495036519723426,11
1026525079802192409,11
1026845669199691592,11
1027096881662641034,12
1027112016353377451,14
1027121053462854548,1
1027536243964485400,13
1027641787770439428,11
1027786003694988393,0
1027883352686177263,11
1028166063657305719,11
1028238771559991645,11
1028271844235086545,11
1028275432752656661,11
1028463586485953535,11
1028543397968905333,11
1028556157567741491,11
1028566089922778644,11
1028576596006506395,11
1028953245053601822,3
1028955453483487703,0
1028978032676821338,7
1029073189914100932,14
1029218970979087457,11
1029235174552271728,0
1029303964212357720,12
1029623263661242276,11
1029705913348891141,11
1029709629472890366,11
1029759244842227745,12
1029825653499906464,0
1029905927040174611,5
1029949009534119314,11
1029981226666607690,11
1029984765786531287,1
1030372998104327583,11
1030395629541838587,11
1030414701535677009,12
1030434094135095750,12
1030537514283558232,11
1030731951430662038,0
1030887596342889552,6
1031107372015233406,11
1031148599589153748,5
1031288460642155586,5
1031291592738112259,12
1031294531564391493,12
1031437961431513805,11
1031455288501084320,11
1031780635890686666,0
1031787710929651716,11
1031825097885949492,11
1031831076794103236,12
1031945267038221936,11
1031989324488944063,12
1032063717453090291,11
1032495904202343286,0
1032502850176155377,11
1032580643426417057,9
1032606274089678199,14
1032658075556344532,11
1032680026763354982,1
1032710330696608081,6
1032748864702677726,12
1032749576494120191,0
1032753203369674567,3
1032763039904652501,5
1032851360528142953,11
1033317764783279494,11
1033394660344262600,11
1033401774145216653,11
1033422285725981991,1
1033510212457518291,10
1033522212030017613,7
1033551473354285688,11
1033552902499019580,11
1033576588995694237,11
1033610239514178508,1
1034053420683459273,5
1034096909283584977,1
1034101878677120434,1
1034322639535985576,1
1034325846452270143,1
1034328191369305075,1
1034330412424685585,1
1034356290327956085,7
1034358331344419276,5
1034592663902530236,11
1034710826944963163,6
1034775458643450515,0
1034998348160509797,1
1035366119055154369,6
1035484347108170204,0
1035534759699244617,11
1035576445714026305,11
1035817952959228392,14
1036131928401942358,13
1036286879137748257,0
1036296449266842545,0
1036325960402224211,11
1036340854964510789,11
1036342312906026488,11
1036361375265278072,0
1036449197544860221,11
1036537230055991439,11
1036547266130605756,11
1036558423218610263,11
1036858554728416795,11
1036937271123100130,11
1037096330040257831,5
1037109136913590462,3
1037136640804180225,6
1037379349742938979,1
1037585875518239707,0
1037613746623561233,11
1037766391780086913,7
1037924586359931175,11
1038291888937739815,11
1038442819272748052,3
1038472949776411140,3
1038548539462066367,13
1038552840049679235,14
1038593325406309816,15
1038643181744349317,7
1038650230593183540,1
1038662607212460377,9
1038780183883941933,7
1038798660940599581,15
1039038397360163092,1
1039062375218700134,11
1039074728984446739,9
1039091637487065511,7
1039110049694574932,11
1039128346130136878,0
1039130543514668851,14
1039158758438083339,11
1039194245695288264,11
1039279177567416324,11
1039338113257395771,11
1039385048479848746,11
1039391086353377708,10
1039400044505279034,7
1039449119181604111,11
1039742107724994772,5
1039786513884037292,11
1039792478416252469,15
1039849785051591416,15
1039875649670615989,1
1039910409821501082,11
1039977978662221856,11
1040014524127359814,11
1040038782306326834,11
1040049052371545914,11
1040082054385124433,11
1040082454794446976,5
1040115869742377073,0
1040126354277767808,7
1040601704131738544,12
1040614698314590462,7
1040665802986736232,11
1040686306115027213,11
1040733018296883214,11
1040769952406838073,11
1040776792998197161,11
1040796318250507031,11
1040883337827955673,11
1040887015110123245,11
1041009401778395307,11
1041213115462116148,3
1041307043222078461,0
1041308270484632400,0
1041316591305944897,13
1041325176368194366,13
1041336383076577216,6
1041368309362418028,14
1041368797094492352,14
1041400678011321709,7
1041406111663345406,9
1041442631942326743,14
1041463505300323950,5
1041624316962686985,11
1041708627530011651,5
1041919386469923168,0
1041989221267731071,11
1041996966223794337,11
1042012237156633883,11
1042029878296545420,11
1042073845514621165,1
1042166379646271119,11
1042324505294030030,11
1042473114162017590,12
1042596713190090507,11
1042841435925315252,6
1042866093846687462,9
1043352424042429512,0
1043508071564501556,11
1043530255537205812,11
1043564359604118791,5
1043638436248921978,11
1043720772153333200,10
1043866937772927146,11
1044219175107082489,1
1044223385192185588,11
1044232534129051292,1
1044243610121078446,1
1044365668258130686,11
1044443025315227439,0
1044445066978845590,0
1044470567939914011,0
1044484652997171754,0
1044498082479756082,13
1044512066558059709,1
1044515499600654077,5
1044525707489727720,13
1044525919066884948,13
1044536466493325767,14
1044551876051812130,13
1044780755439189798,11
1044792684425349623,11
1044866062435797365,7
1044913432828597120,11
1044963460266838411,11
1044969243026047508,0
1044990997219617131,11
1045011171752967862,1
1045020417607804757,0
1045131034444277425,11
1045141503491737641,11
1045228729761436326,11
1045475057392230294,12
1045591364554608091,0
1045617227948741330,9
1045702635724920190,3
1045722275054981217,11
1045811703538020101,11
1045836169011138462,11
1045850788866634675,11
1045914068495359512,5
1045941315964685096,11
1045993369092399950,11
1046223614321525024,12
1046329166457386220,11
1046466949620270038,11
1046552860876176007,1
1046565541221796741,1
1046714689650315409,11
1047036622487112122,5
1047098545279408297,4
1047099100298748853,3
1047180259399435690,5
1047241535374648993,6
1047243464076487384,9
1047685803093853986,11
1047814672577543667,4
1047848517940358647,12
1047956087070936965,9
1048018245256733499,15
1048034063609624564,11
1048377345736827555,13
1048462404192291025,13
1048477671672339816,11
1048762066701011954,11
1048770114163828578,0
1048827964859815946,11
1048839213531702581,11
1048847496721763421,8
1048862229267430389,8
1049159036302471095,12
1049211511091907097,1
1049227774931695371,12
1049245353410506619,11
1049289243429734259,0
1049298587134400592,0
1049311632861459326,4
1049337802359774397,12
1049523388677044073,15
1049885936776168351,10
1049915819027208259,11
1049937321165370763,14
1050082648282234411,12
1050139587874539618,0
1050492821945232059,15
1051329012875025617,0
1051377888561807270,0
1051385768790779466,11
1051417768341871243,11
1051547437452359177,14
1051651384188058189,10
1051889004318499743,11
1052215201797770460,11
1052289741201708170,11
1052319083870161124,14
1052815925194288793,0
1052931628199336598,0
1052988896596329086,11
1053053765462857924,15
1053254348224096882,1
1053643455089482650,11
1053865686576590565,10
1053951234415106205,11
1054372086065473424,6
1054403701866149964,5
1054486620806300543,1
1054522213597734042,11
1054687356881345436,11
1055062599082334876,0
1055234366475751842,1
1055356388959183376,11
1055358251292885297,11
1055358573322540075,11
1055505506587492542,11
1055727687575474458,11
1055800618737445946,6
1055826647228071430,3
1055832743097240005,11
1055838791579770921,1
1055874542752288830,11
1055887374427700506,11
1055957501491923090,14
1056225479977179680,11
1056526568733828234,11
1056572943726099804,11
1056610569957564896,6
1056804199557585708,11
1057279372125260992,0
1057296954500256767,0
1057332348820306459,11
1057424907143898795,0
1057425950550417049,11
1057570381810631079,0
1057894575747756699,9
1058050211878886159,14
1058059801861177833,11
1058227395848807292,11
1058264912276537478,8
1058812361045596362,7
1059007660362693403,5
1059028225299923628,11
1059052283132343670,5
1059437423495666966,11
1059531133512783920,15
1059790544553623654,11
1060034963115084324,11
1060119311879350933,15
1060158153932489733,3
1060190772595933522,11
1060198058716390658,3
1060216718709672400,11
1060486704186875356,7
1060501783902181361,5
1060522948680631332,11
1060854069376052638,11
1060859096736524062,11
1061262756519404873,11
1061678804837383914,11
1061696538986120260,11
1061848268928439491,11
1061864351471998153,14
1061898112423223052,11
1061982762183176704,11
1062214699848561306,3
1062318426001941693,11
1062321798267087104,11
1062366215639217979,11
1062370399317278172,11
1062435682946006505,11
1062472515817600950,11
1062490667260849476,11
1062525811282700096,11
1062540782306533631,11
1062923921191367893,8
1063102669500168077,0
1063118574534428984,6
1063241122368639037,11
1063410541374155701,6
1063762315269197424,7
1063831153538387349,11
1063904938774313323,9
1064173169139007219,11
1064435603026340847,3
1064459114115150404,11
1064546110927307689,9
1064576440997973185,7
1064626689881674716,15
1064793550165783573,11
1064838406112803861,11
1064863668978203299,11
1065021440524106002,6
1065045063905149101,11
1065158230171301813,15
1065177217961381657,0
1065238217547116341,5
1065352010235816227,11
1065379856168955470,11
1065417673438981763,11
1065621249964877845,15
1065899156642062514,9
1065909851750016963,9
1065911447134084898,9
1065914766061454788,9
1065930570183717592,9
1065935578481558396,1
1065962392391742178,11
1066072557077900856,11
1066116118977159795,1
1066155489907444742,14
1066175222996687375,11
1066183492945917652,5
1066329691421390053,11
1066585387828020637,9
1066654035322408628,11
1066656244660044421,11
1066717645694642545,11
1066728536902733962,11
1066749015135237567,11
1066984700768858602,11
1067307023572007029,11
1067443331573887154,11
1067548158724637194,2
1068301326739488879,7
1068392970010668444,5
1068447751513423147,14
1068780533888245726,5
1068842499787093692,5
1068935249844473228,11
1068956155029892698,11
1068962766559996840,11
1069121887395705550,11
1069183438300142026,9
1069199357825398566,0
1069512953220793291,0
1069641830195200535,11
1069751014707957934,13
1069762120776371567,13
1069770102836847278,11
1069770944621054855,11
1069772932450958484,11
1069805428069244860,12
1069816661079469167,5
1069889322074140335,3
1069918131792829564,11
1069977642142431083,11
1070006656915879414,11
1070062116987116954,15
1070293980233008876,11
1070346201523297050,0
1070391300013612671,15
1070394242490851512,13
1070399059962309014,3
1070400427734066111,13
1070409200277823465,13
1070410566586070768,13
1070417253244209164,13
1070485957151744685,3
1071002530430220799,13
1071281617491520896,0
1071398745316794223,11
1071454104591065593,11
1071631800487293547,1
1071652870510848263,0
1071710230135193512,11
1071718507428698423,7
1071833662158334517,12
1071859148440264579,11
1071918009268955986,11
1072002850244057589,11
1072018740328326551,11
1072041717234697518,11
1072062613179821397,11
1072361109790643120,11
1072375450274075295,15
1072485313113718664,11
1072494768631227877,11
1072501068803614046,7
1072532458996781116,5
1072535012966458552,12
1072675310353967767,6
1072751052767923803,3
1072795435092234415,11
1073114195764573429,1
1073158616624202947,11
1073339912345065164,5
1073534654408243898,11
1073541907058066500,11
1073858805638098683,11
1073930061919138719,11
1073972687042363267,11
1074181576953601355,0
1074190680883412232,5
1074195537507347495,3
1074239171721215068,11
1074603113172430532,0
1074649699631268286,0
1074651279303085123,1
1074653032252448609,11
1074665588738888376,7
1074680663564499262,9
1074689222785528219,11
1074767860375508021,10
1074916120507742862,11
1074950684886397283,5
1075220211259668353,0
1075282494332916190,11
1075294461446780870,1
1075302076885170121,11
1075338569513694178,3
1075339577556788573,0
1075366970821501697,11
1075394214548007341,11
1075395898601876491,14
1075904619521007346,11
1075913934150367107,11
1075917716150936106,11
1075921223666433718,11
1075924262132008100,11
1075925977903355645,11
1075928675699094532,11
1075950941539688905,11
1076125696057697644,11
1076236749619695546,1
1076290014350684686,14
1076324062855091510,12
1076427056948215969,11
1076740231511643527,15
1076773332795564108,11
1076843823331676421,11
1076876191486514139,11
1076888034890493423,11
1076906608772208057,11
1077043817912312910,11
1077079208895263964,0
1077098363023072721,5
1077179504641132217,11
1077221372559294373,5
1077493749150788194,5
1077613276106636832,11
1077768456816911928,3
1078320469828144902,11
1078623527286778583,11
1078921974426629160,5
1079048516947640784,12
1079096338517574203,1
1079136446684218937,3
1079213537368545248,11
1079221474643169865,7
1079251612464747390,11
1079265240679411771,12
1079299771158516145,7
1079638185543009921,11
1079644105996419341,11
1079650206184425990,11
1079656657699541492,11
1079774449682492635,0
1079909393599264582,13
1079914757334162591,0
1079974044921885692,11
1079995512863987510,11
1079998884844041492,13
1080049534205564188,0
1080064764075810086,15
1080463754182409904,3
1080475045857467608,5
1080516041432429323,9
1080576166724717976,3
1080583400017624061,13
1080585953588740044,13
1080586821338321384,13
1080627928197465810,13
1080633056330544655,13
1080634007383407884,13
1080685518955153822,9
1080795239531585377,14
1081161773432532868,0
1081313620383858689,5
1081331727739354348,11
1081351478365023517,5
1081382261364077690,5
1081443938377003851,0
1081534428076762995,11
1081974111654571125,11
1081996372174388138,3
1082457793860561833,5
1082526256158389009,11
1082639760750578428,11
1082645595617303598,11
1082820572224077346,11
1082829950154535193,11
1082859076990072858,11
1083382151141009706,12
1083425112479078717,3
1083456963469922595,11
1083487721491283653,11
1083552930215296377,11
1083609209069512477,11
1083618294369533486,3
1084170514954303699,15
1084227659291132374,1
1084329422134630916,11
1084384065546554309,11
1084695996977454151,5
1084772290645808406,12
1084812385726961000,3
1084844974927769948,7
1084949033756658469,0
1084952587218003039,11
1084954107127328018,10
1084958541583592760,11
1084961361230900266,11
1084993235378477224,3
1085016649113296818,15
1085025731841237578,11
1085030571548616191,11
1085032744319058951,11
1085100518480438608,11
1085148875217910426,3
1085166974791464868,11
1085429996738467829,15
1085505080896068334,10
1085539556025213439,0
1085590799357408321,11
1085657418441890517,15
1085700720723451185,11
1085745178485464087,11
1086180233629850152,11
1086190860884581004,11
1086255077557087123,11
1086299368685541565,0
1086390948093561899,3
1086428300541672762,9
1086520352753668224,11
1086917417209273566,11
1086980883257588727,5
1086988587950106060,1
1087025837045115903,11
1087111813464365288,10
1087168668176652091,11
1087240789159092685,3
1087254856518089649,11
1087399709282458613,5
1087621086725906521,1
1087969820288570243,11
1088494663162539863,3
1088524366188771342,11
1088533767732878806,5
1088775474773270977,11
1088971710962237412,1
1089063226509261099,0
1089082243128629070,11
1089108335906507884,11
1089151935691647367,11
1089166796852305395,11
1089169247619714294,11
1089220198011318642,15
1089262625442123320,0
1089305073320151775,11
1089315372198012399,14
1089350831797976528,14
1089399346336207942,11
1089430210531311291,3
1089529014721137556,11
1089733593613586954,7
1089851337466610932,5
1089866078903290640,11
1089875121603673565,1
1090030919023253210,0
1090038563568593864,11
1090063538936922052,0
1090543054967172264,11
1090636872078145395,5
1090676213102715270,1
1090681187067820823,11
1090688399911220134,1
1090718261381378115,0
1090811431549160142,3
1090823811879380077,0
1090850810449982623,10
1091248861870293059,0
1091563989882172127,13
1091962195133644068,0
1091967563842068259,0
1092013463141333635,11
1092017975499548699,5
1092069563516735140,11
1092072420402103996,7
1092079501220385202,0
1092113159411931148,11
1092222378886123893,15
1092331104738588427,11
1092352202113212073,11
1092355693872378748,11
1092691781122632383,12
1092739684760075623,0
1092805797410583166,11
1092812759775914590,13
1092949258294225624,11
1092972027962114965,1
1093065748419140178,11
1093067353668246331,3
1093099985189156149,11
1093634844983166078,11
1093785964469537682,0
1093933125968163766,11
1094241990721832686,1
1094255570683834331,0
1094291046031192217,1
1094392925789991155,11
1094440152135350371,11
1094507179493132182,12
1094509845726086070,12
1094562578863201093,3
1094893216621397093,3
1095024335146289088,5
1095108673792437801,13
1095127567750447607,11
1095233680887480720,11
1095280039232677015,1
1095555115935785653,11
1095564239521995066,11
1095696270504371529,10
1095753751283192373,5
1095775707180851355,3
1096440860307570347,15
1096452560273447185,11
1096461348600779973,5
1096491742834436925,10
1096543137550202758,14
1096619460562410181,11
1096637008293743550,11
1096643014398758738,11
1096653883937948775,9
1097087636990727652,3
1097090199011630695,11
1097091091075236977,11
1097129325632639113,11
1097183024966408365,5
1097247301425668520,11
1097273964615479983,9
1097422367053038443,14
1097798660687704795,2
1097808647675300840,12
1097854808710632706,11
1097861839702409072,3
1097872365847008426,10
1098057987576333087,12
1098058717991031298,11
1098177735208550927,4
1098242456397123075,4
1098600003702244066,12
1098726236451314412,11
1099226856202090668,11
1099257305098302094,11
1099325436711328408,3
1099337043065569369,5
1099424923385142052,0
1099450355987342801,11
1099519058788898062,0
1099582431522849166,11
1099605873237869794,4
1099641478862344199,7
1099743115020496030,11
1099870999991014143,3
1100000171489999604,11
1100010353061836251,11
1100011826292754508,3
1100017890765846591,11
1100046551075494480,1
1100064262506922911,11
1100066703451044222,11
1100085344090996847,11
1100097022337123128,5
1100130449569765070,0
1100226802761021836,1
1100269928310307814,11
1100286203567766129,13
1100692624560501643,11
1100736162545819875,11
1100748739333517351,10
1100749291269341967,0
1100776273731460675,9
1100814005033907097,15
1100845474735046379,11
1101016930206743265,11
1101063345326921589,11
1101395207955028008,7
1101407164644906789,5
1101436219586894428,7
1101487496670640627,5
1101499344234264982,11
1101514561524417697,11
1101570619153027583,0
1101706010246134347,12
1101725878255577590,5
1101807786547720131,14
1101813369110965878,7
1101854365685467567,5
1101893867340797890,5
1102079773824233442,6
1102116432819085810,11
1102299610810920947,11
1102341751782198182,15
1102355020561960639,5
1102364014418559727,11
1102410000570999352,7
1102522325013586497,3
1102525490139330708,5
1102546208662267648,3
1102870847614766368,11
1102950622096083824,13
1102994949973973376,1
1103059351047003211,12
1103072491025546452,0
1103121494367761053,11
1103325480075226988,11
1103792660278951102,2
1103874716192735505,1
1103882798123514364,11
1103934418528914431,0
1104103756292050947,14
1104226621416301951,11
1104363800601751806,11
1104467721248487731,7
1104468493794135769,11
1104539786780074405,5
1104673782811169029,0
1104953253821966758,2
1105166394654631922,11
1105171193327771294,7
1105174641976875240,7
1105221344463002797,0
1105277775071317333,2
1105286965521344545,1
1105707700148558473,1
1105727407825954136,3
1105755319748693378,3
1105756802632424504,12
1105822857404828172,14
1105898230994947421,9
1105951270359678706,12
1106083497994040548,11
1106090346883274413,11
1106099434858210978,11
1106107735805426161,11
1106111452388856489,11
1106230470531299162,11
1106461295070752272,0
1106546996734752207,11
1106620837133650855,11
1106651315083739367,12
1106703431577410761,1
1106726625703305747,5
1106761008304306098,11
1106780068236879491,11
1106780568457539651,11
1106843879718977042,11
1107201995313291116,5
1107260630026034578,0
1107275020558132770,3
1107307178247980836,3
1107326994516559706,11
1107386027065173478,11
1107522771969798398,11
1107540232385836684,1
1108011710902049424,3
1108166210842001587,14
1108260599406693245,3
1108328969523071880,11
1108606098698229365,4
1108703499667568368,11
1108729411361508230,3
1108785157953665549,11
1108828536945557506,11
1108892159402493669,11
1108912472411199600,11
1108943967973043132,11
1109386059928935694,0
1109464402135013813,0
1109468767634336081,11
1109527413053253127,11
1109601015086717277,11
1109613309363988777,0
1109652884462015496,11
1109690865338041701,11
1109738305994354833,7
1109817463769135060,12
1109894189168456521,0
1109912297483699059,0
1109989338944485989,10
1110070990894905971,3
1110098482971659180,0
1110144558031590149,12
1110168536884444780,3
1110295551038165217,11
1110345186208829124,7
1110388775033542457,0
1110549088589050987,11
1110792628396080069,12
1110811453228088635,14
1110951804346684481,11
1110978694226678534,11
1111086212294693185,11
1111558014954650492,0
1111625377158089664,11
1111698698386848225,13
1111742490174816010,12
1111881518008674602,11
1111919167047644234,11
1112225262130844347,11
1112360739724771699,11
1112494489666700772,7
1112528298511277043,14
1112530255845782339,3
1112536353492796143,2
1112560443644673770,11
1112598400589052195,0
1112716537330216746,6
1112888372522237333,11
1113215089764192721,11
1113280688909527367,11
1113341150241276707,11
1113342305115383283,14
1113385469566799212,11
1113836535553529572,11
1113857639265072469,3
1113960185385115994,10
1113988663860026447,15
1114011976685036628,15
1114066318730207714,11
1114072753065778845,12
1114426104900644309,11
1114451617592427450,13
1114651512535411366,11
1115142530474973052,0
1115158686556170127,3
1115188405778358785,14
1115189173287015732,12
1115203812509249303,0
1115282115111801283,3
1115332679425406322,15
1115477959785108943,9
1115557877621577443,0
1116025452241874792,0
1116082779744279387,3
1116082879050551470,11
1116084274503054803,13
1116132193279635032,13
1116177531526750580,13
1116235122558590039,11
1116251646239110727,1
1116326097590010377,11
1116686458967816279,11
1116742369625329326,0
1116762426483707701,0
1116802134308563895,14
1116846067496431968,10
1116846503911524877,0
1116873218599407349,5
1116892706366357894,13
1116999763365043245,11
1117265690499285497,7
1117342795485814973,13
1117372229485690399,6
1117395951442883170,6
1117563976741849992,3
1117580881686301364,11
1117623228093238353,11
1118113585117290362,1
1118201490666277784,5
1118203281526129897,7
1118248578943054579,9
1118265821431305897,11
1118339701591562921,0
1118776880044065326,0
1118840753514494039,11
1118899360516052139,11
1118926666549997769,11
1118951455772321014,0
1118997098436473979,15
1119039239030901019,0
1119049349705092810,5
1119121950315303318,11
1119167918342022227,11
1119313565802385114,11
1119471816987248223,11
1119561265185773615,12
1119688564095392451,11
1119752653350246108,7
1119816373992051862,5
1120185049590837357,11
1120258847173191090,14
1120272531385298789,14
1120273814513330506,1
1120398658739473093,14
1120422970384386533,11
1120541111769952687,3
1120837459999247237,11
1120851499922788392,11
1120856908587980727,11
1120860472438190518,11
1120907404301422351,11
1120922654285554759,12
1120924543090979267,11
1120979568929814789,5
1121035791261525192,0
1121109883535688111,3
1121148659500355651,12
1121175708113838304,0
1121225519418327118,5
1121279069569938178,9
1121349613061033104,13
1121605043907638966,7
1121748488146940743,14
1121769994864278758,11
1121782007836833338,11
1121908887192990184,0
1122016648703206101,1
1122095597888378763,0
1122141700708141616,12
1122390873532885398,2
1122533201444337598,10
1122571445038909998,1
1122581340619400514,0
1122595592300407303,11
1122815285611044933,11
1123089310828073890,11
1123178331274450965,11
1123248836945433803,3
1123297445693195899,11
1123372780928890899,12
1123397029685991110,0
1123414354230073457,7
1123829416878348796,11
1123863436820469201,11
1123910500947660521,11
1124046198753909744,0
1124209132014252459,3
1124629673906649471,12
1124685309317726987,7
1124849377104415633,11
1124961986796338131,11
1124995570723083673,0
1125232083658633482,11
1125254938360893508,8
1125328342682747854,3
1125416682461944666,11
1125449813009113195,11
1125487914361840698,0
1125525869530617295,5
1125629570118704813,11
1125973351868785805,15
1126037835017071853,11
1126088238213278121,12
1126156937889839643,11
1126240377076428043,0
1126304330775491419,14
1126336402503481315,11
1126740621737313555,0
1126744603844748874,11
1126755889984788494,5
1126756986510612919,11
1126760159294800112,7
1126788814046369808,11
1126858406947342551,2
1126944206429161647,11
1126964297242633530,3
1126976529241331070,11
1127013889164594727,11
1127033898688541059,11
1127070262935636825,11
1127071712473277089,11
1127408888424114639,13
1127439994915174476,0
1127549380722632982,7
1127572852415313204,3
1127592543238111693,11
1127645568365045574,11
1127687222932552301,11
1127687458101909401,11
1127713157639838972,11
1127724604564951262,2
1127734542891690430,11
1128006107730791226,11
1128138086830265148,0
1128154391387110923,11
1128212538930599460,6
1128304651219568383,7
1128309669114695572,12
1128336396823438208,3
1128451970851423893,3
1128861345816853929,11
1128883621242273252,11
1128932410746991397,12
1128938092522250870,12
1129011308653746493,3
1129014398199536829,0
1129090870373578811,11
1129090905956170565,7
1129191098577464233,11
1129257744857883629,11
1129631974025930511,12
1129796339292551445,5
1129803397681356622,0
1129845940818373276,0
1129901779374854783,11
1129904913655315905,3
1129938517533441272,6
1129990745237853918,14
1130359253953828601,11
1130371684997013758,11
1130439041512787690,0
1130553884039138007,11
1130605128366986441,7
1130654519456619491,5
1130668127081280662,5
1130697083564214696,0
1130897001959451590,12
1131136277247288683,0
1131351137314696623,11
1131387939238630983,11
1131416287193878144,11
1131421418142213286,11
1131464110871598110,11
1131734459748333148,3
1131907471022634253,3
1131918705955205869,7
1131994817093827208,11
1132026872008756492,11
1132116282721989390,0
1132123722008688573,3
1132515628489331841,11
1132598186588408422,11
1132613440190507981,0
1132708601666618582,5
1132745553611255934,1
1132754280019539033,1
1132779050031009983,7
1132831389338794960,11
1132948734807377489,11
1133315541122378303,11
1133393623765623757,11
1133403368684813654,11
1133431271364928718,12
1133572865018701603,0
1133615122868199905,11
1133628755870423276,11
1133990795076523195,3
1134180766861583403,11
1134384379757362630,13
1134748646349924016,11
1134871119218799175,11
1134977275964985629,15
1134992471957130855,11
1135067490314084548,11
1135081526081338483,3
1135462591404958589,13
1135564184124004144,11
1135582047672666068,7
1135591935217011559,0
1135621392255908771,11
1135638393513071145,11
1135639813893923097,11
1135697693910110855,11
1135787450501328835,11
1136298868036873180,3
1136317778692080690,0
1136320606107148058,0
1136326723027451781,1
1136382390222389121,10
1136385468239372540,10
1136437042800147104,1
1136451264995548964,11
1136457421344707809,13
1136461358301867461,13
1136478709250207548,13
1136490069737911972,13
1136548679701607074,11
1136552265838938602,6
1136582042789244367,11
1136832845155370198,0
1136881375985481835,11
1136898671197198661,11
1136967373479398678,11
1136987927026920183,0
1137041199403274405,0
1137060157351219291,11
1137071923188743449,0
1137074906650083418,0
1137505326165159296,11
1137649870376440979,0
1137733564725939024,0
1137786277880870762,11
1137804312436919140,13
1137826274452757423,1
1137832266166137942,1
1137836602727124370,1
1137913602053137624,5
1137932991242447493,0
1138304963006608641,11
1138312198281859256,11
1138312586831837814,11
1138320153136022558,3
1138328409562757993,11
1138364618805326711,6
1138374815396380132,7
1138469435300670153,1
1139093274436359378,11
1139116715188524790,11
1139214579614731802,11
1139366319662507366,15
1139386848193110593,14
1139422924109848980,1
1139496073320673462,15
1139793666188765853,3
1139832740818871649,3
1139860699737328705,11
1139910124526511497,11
1139922880775905487,11
1139928208467489362,1
1139946464729887366,11
1139967219418451470,11
1139997428818199253,11
1140009659817836421,1
1140075786004303428,11
1140083155665619460,11
1140091209933912437,11
1140108768907841570,12
1140513703471244763,7
1140586953918634498,9
1140647961701860736,11
1140700707748529287,3
1140726893827350234,11
1140813873631685289,11
1140892306476388915,1
1140901659843440780,3
1140983353263865188,3
1141213148975662983,3
1141251798037535800,0
1141271200555071413,11
1141314471637691801,12
1141333572505548855,0
1141409974956641890,3
1141459240644802500,0
1141470742897417817,11
1141519186157600022,3
1141584546562386391,11
1141588529092171436,3
1141667341291551103,9
1141672023718093558,0
1141930809261208313,11
1142097176878185345,11
1142099875665971324,11
1142119971709202213,3
1142141356417750032,3
1142160852856692471,11
1142207612175548878,11
1142283975742023787,0
1142284566841012938,11
1142521657676557476,11
1142548031930677764,6
1142587882878219325,0
1142659565710079232,13
1142841298835304939,0
1142907302816366126,11
1142926716466621277,0
1142927291536706240,3
1142947758972559162,13
1142951304049023869,3
1143030067744345707,11
1143097608273483190,3
1143391707240145328,14
1143426546702252411,3
1143481017555966696,11
1143499589477945862,5
1143550154917441826,0
1143575976896694412,11
1143578560927127620,0
1143635039738288633,3
1143728194344484818,11
1144167424627369221,0
1144311171871940230,3
1144358823588398422,13
1144365149744795064,13
1144809851698169374,0
1144875314107903409,11
1144885027786489118,0
1144899628721069808,0
1144930353254211127,11
1144944184581018466,3
1144956126214232455,11
1145119336233636072,0
1145137237556700836,14
1145183466580663605,3
1145193644563597344,10
1145504081027725425,10
1145517086899998894,11
1145560510024947740,11
1145631603206009146,11
1145688740453386130,11
1145805775237949230,10
1145827477708199705,1
1145882310744796505,11
1145893240185825352,11
1145912715955730597,2
1146308616128598299,11
1146360234244993143,15
1146368262569764790,12
1146390496212879623,0
1146397987862408623,3
1146426183051254809,5
1146515362797442669,11
1146543739121246736,11
1146570241472797794,15
1146661761373429329,11
1146668372210104956,12
1146676058950733626,11
1146697882929545162,11
1146728733787770733,11
1146881375260627969,1
1146947952709793880,6
1146974457238277928,5
1147049900912199650,15
1147055558613355048,0
1147092576369964710,3
1147099323250125028,0
1147099500470966067,11
1147105752141876418,12
1147162749501500309,11
1147172513398692267,11
1147260980607811556,5
1147322692605192011,0
1147338990643456632,0
1147340809061742027,3
1147394134473421025,0
1147518153646367188,14
1147536631550534562,1
1147604242893830528,11
1147682849550479299,0
1147685700900637341,7
1147794816044025594,12
1147886565268369385,1
1147909800302804413,12
1147975534621476024,0
1148052778607633651,14
1148075648152024265,11
1148092850598347935,11
1148180862718086014,11
1148236692562619414,5
1148452789440642998,11
1148515800315492972,11
1148523250001277851,11
1148549929982539365,11
1148556634324119347,6
1148565625373253133,12
1148634797152613536,10
1148662384784639885,3
1148708362974212586,7
1148779643912094987,1
1148802191779630006,7
1148913758327753205,11
1149114654033404012,11
1149196771337496482,3
1149198923208287710,11
1149263454030040359,11
1149323888113792749,11
1149397774675096833,11
1149450928234887194,11
1149492926643648612,11
1149525666793790790,11
1149884265529093428,7
1150144444464713929,11
1150189627769443152,11
1150267432873237014,11
1150291456979687336,11
1150319273397031978,1
1150333654940374786,3
1150693267289299011,11
1150845682266163615,0
1150854770775661205,11
1150861082232488662,0
1150865719093868679,0
1150872527273023628,0
1150923866546620533,12
1150943592534358829,15
1150944174463034673,11
1150964431586783354,7
1151013113016452234,1
1151065267011322552,6
1151308681650708856,11
1151390562300887981,12
1151405007230605901,1
1151416786627543561,0
1151436402111205616,11
1151466545380850239,11
1151511989545952902,11
1151541963070752914,7
1151621466746906381,11
1151632418804867316,0
1151655297087092626,0
1151677673478959585,0
1151685788172407884,11
1151687429077282074,1
1151754863682738208,12
1151780922543932971,14
1151782230675955916,11
1152081386776059523,14
1152108349903995801,9
1152112363179981588,11
1152172913517052506,11
1152240971154745369,0
1152276660259338888,11
1152326405442085147,0
1152346811323775127,11
1152363160117183963,9
1152542597244758670,5
1152856347406362894,12
1152910528851988811,13
1152978912369601421,11
1153074062064504206,11
1153116841692249069,12
1153191922256260596,7
1153193012269321068,11
1153198242177298648,11
1153201317549282222,11
1153433475746320692,1
1153547201781086736,11
1153572894414114203,15
1153585314718024756,15
1153586391528760244,11
1153680688551829029,11
1153730493551046452,1
1153759185636824369,7
1153833174294322577,15
1153866497661126334,15
1153870360458977982,1
1153918024751641533,11
1153948884415095021,15
1154258397473429196,3
1154277248971257478,13
1154320787585036845,11
1154337658173772236,0
1154370846642017767,12
1154466732082761726,11
1154470865367911136,1
1154533737884653792,11
1154960107597051222,12
1154963951288543329,11
1154978818990047149,0
1154981678846249796,11
1154982580966684854,14
1155393382136270411,9
1155652143290507317,0
1155737016539493232,15
1155811114625882846,2
1155811962954216294,11
1155917255667225150,5
1155979872064942905,2
1155981430559343737,0
1156016475132275022,11
1156082927306695668,12
1156083123345336269,11
1156156816992232320,15
1156162202266196974,14
1156177798329239047,11
1156472829963488173,11
1156507340596721864,12
1156697249835941625,7
1156703975993320959,6
1156717630601244517,11
1156757443223237814,5
1156770374699714518,1
1156782082871299176,11
1157076802145783085,11
1157086362925169656,1
1157198726315786084,10
1157292946801831864,1
1157296389937476182,2
1157342641496379322,0
1157344080088954925,3
1157486878801092126,11
1157504595707333311,11
1157532917244965755,0
1157547559909988391,0
1157570893634884910,1
1157582863236740679,13
1157594025686911988,13
1157603909548232953,15
1157906780887290080,10
1157961416083333656,11
1158040007429748001,11
1158047933349527140,11
1158143053957855527,0
1158557232452162537,5
1158622770457404013,11
1158651504811215283,0
1158653055988824125,0
1158668222279001059,11
1158727267962948238,3
1158755951406756557,10
1158856499943037264,11
1158865004864084222,11
1158894551061507163,12
1158917562703846584,9
1158966444693970911,12
1158966669131744599,14
1158987488312288085,0
1159008608270760979,5
1159026598691214108,7
1159268940384009496,11
1159428929776322819,11
1159522931440153872,11
1159691865832000716,13
1160108971889935336,5
1160163273506508406,13
1160223154012920171,5
1160312185371049155,0
1160343904644805817,3
1160361118568231138,11
1160386647291079503,15
1160437036033280101,11
1160509406216529839,13
1160527675975573867,11
1160565955341717450,14
1160789800239402264,11
1160820928789510766,11
1160844104461823752,7
1161035620486107377,11
1161053599712414179,1
1161061566181186949,11
1161159807977516737,11
1161202399040484622,15
1161510027806984670,11
1161514001833358857,14
1161522864236608904,0
1161572148563600145,4
1161629799255243846,11
1161647439500831146,0
1161651466654050139,11
1161663007961597448,11
1161667346867830680,11
1161679148946909768,11
1161710906870441963,12
1161711901289101263,11
1161718473992233520,1
1161731661441346256,11
1161795415433664221,1
1161813625453255012,14
1161848475829531557,12
1161872652459209780,11
1161881886567166953,15
1162131926967478679,13
1162221430501081287,3
1162245920009254999,13
1162302036758648362,0
1162453342347498191,9
1162518999126438431,11
1162565088397496912,13
1162582276491118071,11
1162620934833414932,11
1163097621422980349,11
1163273653870198198,11
1163323012372292687,1
1163423146258660401,11
1163688765381058791,11
1163721835397192144,12
1163766416319579882,0
1163777136411314682,15
1163847291065621244,11
1163871745712961434,5
1164046176873853469,11
1164055256548570985,1
1164142770965902181,14
1164454789278966220,11
1164525760475714096,11
1164574910482192202,9
1164699152419223248,7
1164734157677839620,11
1165099303114665181,0
1165200633348973687,11
1165208735092866991,11
1165213343851009160,11
1165219587503056590,11
1165222952396347402,11
1165227966744059880,11
1165235461032991842,7
1165350154466603246,11
1165400050854224052,15
1165503774555658913,11
1165555554454057687,3
1165597568109423344,1
1165630883644677153,1
1165639112707805706,1
1165642765578998034,1
1165859014153217726,11
1165919485507097253,11
1166020897701714024,11
1166112285818770175,12
1166138218787478505,11
1166217995244606155,1
1166218787463025178,5
1166268688869814359,11
1166275764756057755,11
1166283096120226690,11
1166624937528255852,3
1166663706495315524,1
1166748126913313016,15
1166823154890865661,1
1166823781826406962,11
1166839106090666624,11
1166875725536337466,11
1166971718975265289,12
1167320203237224377,5
1167390170277988825,7
1167527525331364314,1
1167669108069730036,12
1168015763947571599,11
1168066475211015434,3
1168123723935331649,11
1168143353562064900,11
1168149063882928621,11
1168162741954024014,0
1168202630561049321,11
1168214815487746970,1
1168225780454312184,11
1168230649575620374,11
1168237677372696866,0
1168295175480533153,11
1168369295886512663,3
1168369615317173222,11
1168421784499941911,1
1168446906496575032,11
1168794279360396098,11
1168832066905096794,11
1168880123674588691,9
1168958081146724486,11
1168986402677285230,11
1169089649066201805,11
1169414583116797493,12
1169504956483321840,15
1169557846232522887,10
1169578722277112959,3
1169599997928707663,11
1169622508140861583,3
1169685227861462465,11
1169692187139168973,11
1169781812757430133,11
1169870982579879613,11
1169909766995431777,6
1170078849243345914,11
1170096019229392846,11
1170321714581215640,0
1170343126085020417,10
1170351269647346909,13
1170358625424154446,1
1170393634859337101,15
1170450189449114949,7
1170598832238132843,13
1170625480793187432,10
1170925878621670489,11
1170947375975100877,14
1171037356270175244,4
1171039543636693178,5
1171115543136387426,3
1171184966930741805,3
1171215095096831210,1
1171312353745731302,11
1171660007885633701,10
1171674130673669310,5
1171688325194115951,9
1171759436205073965,11
1171765917945939462,3
1171864913907951001,3
1171999783589721285,13
1172040074969227433,11
1172056696364491062,9
1172087732975007289,14
1172114020253499331,14
1172411089394221204,9
1172458469120507669,7
1172470258182872624,11
1172500029685091636,7
1172525039303527072,11
1172686145728952335,0
1172728285643305354,4
1172809478921356016,11
1172999707776686594,5
1173135747885830792,11
1173184460728353582,11
1173209158151909197,3
1173211621619514111,11
1173232550093414185,11
1173359193282241220,6
1173415191227759313,9
1173473715383404364,7
1173480449502062237,3
1173513165976282884,10
1173524480332912140,11
1173803080745104555,3
1173892941703929026,0
1173956831757476806,12
1173969454141317728,11
1173972821470732684,15
1174013824027025552,5
1174019499793388446,0
1174066444953719978,11
1174078146154781417,10
1174087137954028267,9
1174091108829679151,10
1174147850162027372,11
1174193128232549878,11
1174194612233100154,7
1174269259671652265,3
1174784730633609888,11
1174801444062405212,11
1174928555440725447,11
1174956074805382992,1
1175228054427992089,14
1175312898098326406,10
1175318165968964032,9
1175388787778815708,11
1175770046119606780,5
1175813734620192255,15
1176012612463753934,12
1176115087085504003,7
1176136153634182360,15
1176315372060023368,1
1176338204874730533,3
1176369909104515230,11
1176383985479033418,11
1176412924909881362,7
1176438966127126768,10
1176455126467915695,10
1176458772969832337,1
1176747290902165758,6
1176823698551880925,1
1176839127520070478,1
1176906110366569499,15
1176924832903716570,3
1176934168687508166,5
1176997004843827509,11
1177128628914815684,11
1177137149912329510,2
1177138408503410471,11
1177181506674235284,11
1177429914868452044,4
1177483450536565097,15
1177628763029586346,11
1177683210332394256,0
1177694193200103283,3
1177699911563971601,13
1178155399501708203,11
1178290630198381703,11
1178298338199524144,0
1178340062528391601,11
1178350000370175125,11
1178351907170495014,11
1178352944759596945,11
1178417433631663608,10
1178418958501699751,14
1178431704829978847,11
1178466307508412736,13
1178490414429365292,5
1178563140388895628,4
1178564180962374053,4
1178567256943106344,2
1178757711278074266,1
1178854794798274234,15
1178898969819772896,10
1178907164787072148,0
1179019079164744302,7
1179043283374244882,1
1179061454259534540,3
1179067278851890636,7
1179074789199546484,11
1179130582075491531,11
1179183949549723106,11
1179273331269391286,0
1179293268139390701,6
1179585978157987773,5
1179701694851942400,11
1179729681116386673,9
1179965658148590806,11
1180025035296985020,11
1180315467192302901,11
1180552457490928526,11
1180625073816993374,11
1180672723651058120,0
1180703295864768109,3
1180714428968450656,1
1181168840249662049,3
1181223367740729000,3
1181233954918712546,11
1181244823740857040,6
1181256738936266829,11
1181373647176829175,11
1181457951075609747,5
1181488201638577218,2
1181742343534061322,0
1181814767511237057,11
1181875393736890405,0
1181946336054818614,3
1181993019910163322,1
1182003049558635867,12
1182042590109233310,3
1182051905911099583,13
1182066331569904748,13
1182102775806740428,7
1182158995740045772,9
1182191873374548152,0
1182193338930567730,11
1182263141714380757,0
1182309162368799364,11
1182564490916147129,5
1182569642729961981,3
1182639950941702337,11
1182676545692783486,14
1182725381840662400,13
1182729295024394895,13
1182776398230863394,15
1182829806891194090,11
1182859429054920842,0
1182868299730763989,0
1183265797677967239,15
1183335258626131879,1
1183372265700307216,7
1183410592050513840,1
1183447088305415129,11
1183581092842285496,0
1183594448467953359,0
1183934025288741395,1
1184047516000178277,0
1184099293550440625,11
1184131040499887008,6
1184144344378838319,11
1184298174002283595,11
1184651981868742368,11
1184677648193670595,7
1184741918556008033,15
1184847561733058609,15
1184867545654230988,5
1184926395345987992,11
1185314144116514061,11
1185334163065673155,13
1185438659135819384,2
1185518211238327240,11
1185534037952712326,11
1185539515505455859,11
1185631216873662900,11
1185683764189162970,1
1185710881915905047,11
1186130559438738582,11
1186163881988107796,3
1186196837547298531,11
1186198194706421433,5
1186255284884302253,12
1186270151067985165,11
1186293956926472892,3
1186344103031476228,11
1186355491331314832,0
1186393857933183372,11
1186439976456785993,5
1186516433796315193,1
1186525926297768609,5
1186536104937510491,11
1186606122562515543,11
1186793104024536983,3
1186951608531724363,7
1187054537105838198,9
1187070288446870396,0
1187210717009567061,11
1187460288687741954,3
1187535634567056887,11
1187602150053889477,0
1187670806760489976,11
1187708106283145423,11
1187717104482069601,11
1187742336555482913,11
1187753444585946846,6
1187811730245126491,11
1187832276387475511,4
1187950758398241235,11
1187985479977934587,11
1188006199551641768,12
1188059284939611556,9
1188338754437484573,1
1188435971121344288,11
1188445387023441357,14
1188675779616367087,7
1188685933668619068,3
1188701240571115346,12
1188711350841421669,12
1188759951686938625,9
1188789582599501277,3
1189093976527147504,14
1189138070429590428,15
1189138086796637197,15
1189162022127420897,15
1189164918186416697,15
1189167584154056252,13
1189183198240158787,3
1189196604732446398,0
1189303824708864138,3
1189316056070528121,11
1189364946745702549,11
1189366773044217049,11
1189437979137114730,4
1189500579320759633,11
1189785053684067284,7
1189915364623795662,12
1189916639447143371,3
1189937552130776074,15
1190063747689102343,0
1190147345318848686,11
1190630539976835660,14
1190783411157771679,11
1190808905912046640,7
1190897948670792325,2
1190983030725812321,11
1191245735967161551,11
1191333008363526237,2
1191338976484923797,11
1191367495524076276,12
1191385697877034232,11
1191447438346729101,11
1191469671182542346,11
1191476143884969538,11
1191480093660369806,7
1191482559526966285,11
1191503978070862583,15
1191582036261106967,5
1191600883606242201,11
1191611277545116018,11
1191635852360211123,14
1191964225506373587,6
1191993261431084275,5
1192016992221423945,14
1192041636788404324,11
1192042581476652580,14
1192066810211510366,14
1192161911924396897,11
1192187234577567989,15
1192197316416370163,12
1192209298290740330,11
1192209356097420873,8
1192262930126062528,14
1192323409857187615,14
1192393644926520424,12
1192410887779977964,11
1192681161407734391,12
1192756100993760150,11
1192759191890512421,0
1192784791944036000,0
1192811362247725650,11
1192821494548663985,1
1192858200605840342,3
1192885685412929241,11
1192956331229430886,10
1192958119808719363,5
1192980599269086711,11
1192982605159409272,11
1193436333463560628,11
1193615676894821919,11
1193646562349514877,9
1193685032914193602,11
1193713748972978961,15
1193799658862336342,11
1194190594542857633,11
1194272491070461642,12
1194337345252052601,3
1194352719862030561,11
1194372439394959004,15
1194412792229479752,11
1194424542288781903,0
1194498086713605397,11
1194878864036141854,11
1194902187172437031,15
1194949247112790293,0
1195007352133389426,7
1195017227399118187,7
1195036668749717838,11
1195076446937202160,7
1195108296220890964,15
1195189677802384037,14
1195228768782361825,5
1195302125030956041,11
1195614797817488656,11
1195687717277028797,0
1195704332634919860,1
1195710874851907333,11
1195752507599118041,11
1195833114789740335,11
1195972445144787014,11
1196255340695623513,0
1196285914682488118,11
1196315038824672861,3
1196338593835657780,0
1196343878689127386,11
1196396112719620497,11
1196441405446113963,11
1196560527269280370,11
1196609791984089547,11
1196625105358143967,5
1196709012325538558,5
1197145221382372598,0
1197254138569023755,3
1197370117282027591,14
1197684608859983100,15
1197824300333528786,6
1197867161123229487,11
1197869816155385568,12
1197877340084355295,5
1197927166710923194,11
1198037033069078959,12
1198039189628105988,11
1198063886462312743,9
1198079907416144610,11
1198120041223780962,14
1198158850004183988,11
1198405829204975424,11
1198462562393357085,9
1198513121967894503,11
1198676790869588091,11
1198684328585093136,1
1198712189618116735,3
1198718643495078316,11
1198726171807769080,11
1198731603538410444,5
1198806547450361442,12
1198939659674032409,11
1199263817712447493,15
1199295288755747609,11
1199320254275953190,11
1199440851359336808,5
1199523041767132217,11
1199914710348937709,4
1200002792813917253,11
1200065436693484358,11
1200661883164684898,15
1200894474339634528,15
1200925719383945152,15
1200986452678215940,3
1201011288526438912,11
1201075854521086232,15
1201378677140965891,7
1201489519987618612,10
1201514717257720154,15
1201528185126876431,3
1201601532589302127,8
1201603810006366615,13
1201621141161879997,9
1201642212757632218,5
1201657215413851990,13
1201784995613826669,0
1202186406139751839,11
1202343968313497401,0
1202347069952716216,13
1202351451518227616,13
1202384236669008416,0
1202415840930735688,11
1202528607845323306,0
1202731343913114250,7
1202943961468905056,11
1202979295155433505,11
1203060032272880129,7
1203089484691786204,0
1203130440993804673,1
1203134879453952941,11
1203152640181792589,11
1203200383439460734,11
1203278505917890183,11
1203422938920461635,5
1203627015679484983,4
1203660915004683359,11
1203670718460045488,11
1203679930313596308,0
1203690409118441371,15
1203693777156678856,11
1203709839608802609,0
1203728534407562546,13
1203741296071486562,0
1203817787209208280,11
1203845206938030132,7
1203883613065709448,11
1203897824961496970,11
1203909532032650286,13
1203935827906443442,11
1204377100241777819,0
1204400201338602721,13
1204401087651257329,13
1204401704470193463,13
1204403017719976690,13
1204404667910089180,13
1204451744572665836,1
1204469735308280451,13
1204471048739847763,13
1204471708729158878,13
1204474268490916418,13
1204475888309298562,13
1204663376369820063,5
1204687222920994194,11
1205032574331255870,7
1205040990199189275,11
1205104727401988338,11
1205110418044991800,11
1205114153752875247,11
1205122336320531396,11
1205134553919211927,15
1205178374812736003,11
1205326259074402997,0
1205409971430957257,11
1205430121373754148,0
1205643139399575493,1
1205766051093210639,7
1205896123155781038,13
1205897195884397495,13
1206054528444501878,13
1206055747770784390,13
1206057327528791328,13
1206059002515681622,13
1206060724549375930,13
1206062307898715296,13
1206062864237992585,13
1206063601596201515,13
1206064624768161042,13
1206100178813152494,11
1206450306094937959,3
1206499261547679643,13
1206560216373435961,12
1206588856072441302,0
1206674335621080836,3
1206762800274943676,3
1206780987507657374,11
1206810987774009162,11
1206811834977431307,6
1206877916794435907,11
1206922105718078565,11
1206937371596268975,3
1206984058723027994,11
1207121869748253696,11
1207179619469690836,11
1207180293032434530,11
1207196273215907869,0
1207231665183355700,1
1207285492735800086,5
1207300498882048176,0
1207349954607671719,0
1207382970979069739,14
1207410597119599200,11
1207441455734691501,13
1207511570737338734,9
1207528369326082175,11
1207908006831252948,0
1207919870826913983,11
1207940005780813236,11
1208219298129743627,13
1208230295288556518,3
1208293996817954935,6
1208599807814612659,11
1208652945411718879,11
1208667240116579566,12
1208685319341692557,11
1208729253733578985,12
1208833072756089474,11
1209382678170703292,7
1209400713991867332,11
1209498882516078568,15
1209584168159385222,6
1209681323918834461,14
1210261391382779053,3
1210315318015429447,12
1210358369865834094,11
1210415905081620882,6
1210471192988983505,1
1210706251953035501,11
1210787566846202135,12
1210795544933326477,11
1210801958115878208,11
1210831260899834301,0
1210857195091655203,0
1210861052281199546,11
1211005222073975269,10
1211005374674011887,11
1211151493220018274,1
1211187236984808259,7
1211226065134865574,6
1211254612759456351,11
1211338428010658265,5
1211505500576452817,11
1211509558571758310,11
1211599470512620399,12
1211615875719670705,12
1211669140341500498,9
1211749342700739858,11
1211757625399156951,10
1211796834683949899,11
1211865692445070943,11
1211869518569580964,0
1211908974633208576,3
1211935130596427883,3
1212276438244860221,4
1212289423676903097,11
1212310635454500383,5
1212314992800927974,11
1212369751231546474,11
1212419254414794045,11
1212439956785421162,11
1212479223999107007,11
1212491497304907106,5
1212531273822661660,1
1212566694861308579,11
1212607554660744674,5
1212640816513851895,0
1212846102214564684,9
1213004024254301790,11
1213107571338158665,3
1213111626094966638,3
1213193310184253333,11
1213268444753478585,4
1213347210803463767,0
1213357183780951668,11
1213369036934640545,1
1213383678906568556,11
1213427176323994769,3
1213655678269139418,11
1213760099049548615,0
1213802959842584541,3
1213821374270126677,14
1213858428983441195,11
1213882038696165712,11
1213988639366137667,12
1213999849074338568,11
1214036185879955551,11
1214058218129351456,11
1214059177935497081,0
1214064186014937132,0
1214072157535986256,11
1214080146035922903,11
1214084639832816913,11
1214095215053143127,11
1214106672676249145,11
1214112676565995887,11
1214163181130228084,2
1214496779191092781,6
1214667305075405729,0
1214670433860814446,5
1214817751277514093,11
1214827338574920116,0
1214909665037342874,15
1215054011399086237,11
1215244262712189913,7
1215527975546319847,5
1215752575626537970,12
1215836205896668125,7
1215935590044666227,5
1216090086924303063,11
1216094246943535707,15
1216139754817731239,11
1216199181095041825,11
1216304892232153142,13
1216672481078728193,6
1216678495874211707,0
1216766210423356451,15
1216774310433586117,15
1216844121248225269,6
1216853145552504131,11
1216867037461761899,13
1216871428045005176,13
1217022810981779850,2
1217028811504878214,13
1217320633409841169,14
1217341670500339051,0
1217370181032437724,11
1217420130301763390,11
1217520683295634595,13
1217547345096619870,3
1217619269510406359,13
1218077143870658511,9
1218142736181488733,11
1218194745529897507,12
1218230138783360796,12
1218314577237341468,11
1218340625153469137,5
1218482428524705770,11
1218774841556422513,11
1218819955806487004,0
1218820053790007619,0
1218825776195559656,11
1218868700372219731,13
1218954469612538947,0
1219016137544585268,11
1219085964534888107,0
1219119733999933545,1
1219124482921199384,12
1219159924347450673,12
1219167786842826420,13
1219197430666460741,12
1219424556395706270,13
1219493012252703025,14
1219556649344202624,11
1220240038060258585,11
1220270012033520791,12
1220341527012370473,11
1220354547516807995,11
1220363343556399520,14
1220480102591067058,10
1220537503055625184,11
1220554055869542777,11
1220788944633854101,0
1220952217750169440,12
1221177700093809874,1
1221201594118605689,11
1221313887468750092,0
1221553016617653322,11
1221605946084603765,11
1221641109627419988,11
1221665897754703748,0
1221673776728083038,10
1221692252121572431,11
1221766383521769209,11
1221796249775581861,7
1221833328021755679,5
1221873562980493649,1
1222009920683401129,11
1222063416025004342,13
1222077488517524463,5
1222108929307381108,11
1222114599321074712,11
1222254445982033477,0
1222420598882764625,11
1222458444885798546,2
1222464795280005078,11
1222498039263712366,11
1222500704663555110,11
1222674061320721525,11
1222793005818007635,1
1222829861932240773,11
1223229623420381056,14
1223270137139123790,11
1223290542317764165,11
1223330027337752709,0
1223346171763412964,11
1223389589700183104,1
1223423292385070346,14
1223535867314409605,11
1223551950059699164,11
1223818390906771115,10
1223824023514081235,10
1223859831406250536,11
1223880163466424416,11
1223908428855973477,1
1223951501224621987,3
1224050727695908447,11
1224203808910029147,11
1224513240003477827,0
1224552578388925946,7
1224647633951264321,6
1224648481196917362,11
1224672945328547248,6
1224689420741513985,11
1224695917975309618,11
1224752836766049804,11
1224769335361327238,11
1224769760179780975,6
1224951961661074431,11
1225177072353751443,11
1225351490088593460,7
1225351673792626815,11
1225352504515638070,5
1225436130755129358,3
1225545615609462271,0
1225549473981073882,0
1225594197466514840,11
1225623145218221474,11
1226113920740762039,5
1226150680797478414,11
1226345089540000259,7
1226387908767009378,11
1226765372778535513,5
1226776367177068460,11
1226807803344304666,11
1226868348668188424,11
1227004375982202430,7
1227013570234016249,3
1227071008801044873,12
1227100584777663192,11
1227136402518054286,0
1227373401884997974,1
1227432468897900512,0
1227472761484045455,5
1227595147703584235,1
1227651959913357573,11
1227652316102895544,9
1227664990894075141,11
1227668489911995120,11
1227692538894118420,11
1227739126822732495,6
1228211211743335697,12
1228267026105455915,11
1228313235355525929,11
1228354619634011740,11
1228455936880357602,5
1228459174036664366,11
1228909093372492292,5
1228966838479547448,11
1229110557921262526,11
1229112624364054577,12
1229166392810898449,11
1229231363712320535,3
1229246145476660804,5
1229265854222905675,5
1229276390372693897,11
1229291684559627022,14
1229678382162492921,5
1229724259741719391,5
1229907369812487348,11
1230093089989030817,11
1230118904829281392,11
1230174083398067206,11
1230184100731574259,11
1230333083282559953,11
1230412500058073657,11
1230442439330579654,1
1230451282182440223,13
1230505650024564211,14
1230552685209018625,11
1230657962532809640,11
1230848870637124104,14
1231053905577001645,0
1231116543304644539,0
1231119901952400965,11
1231281076592202886,11
1231285371788733637,3
1231367358530239044,13
1231372032194808411,13
1231460564197427968,0
1231523118142338636,0
1231634298871525149,11
1231793797393237291,11
1231829812106996704,6
1231831049359918544,1
1231863044727794041,11
1231884998849003277,12
1231947135367708418,11
1231959441092877580,12
1231987882979363120,11
1232038488476303836,3
1232076506254853307,11
1232138434873595802,11
1232158109701188264,12
1232200439014313307,11
1232503654147165794,11
1232537854848846172,11
1232596540663525455,3
1232642637462265776,4
1232653839629771469,1
1232710873703622446,5
1232727839602980350,15
1232872014156116394,11
1232960421974758253,15
1232989621769431206,0
1233269427728416236,14
1233294016154245944,11
1233335851650740157,12
1233398305559941608,9
1233437498340042595,0
1233529284737772574,2
1233602505518512469,11
1233634161845475908,11
1233925914444592110,7
1233975790987180206,11
1233985990366091790,11
1234035281558639094,15
1234035942147848328,3
1234040697897827650,11
1234042847646185352,0
1234208914458151998,0
1234230261232177995,7
1234293754044364533,0
1234311571079364258,0
1234413474830122157,11
1234751072045929346,11
1234753975677558134,0
1234762970028591547,12
1234912506866208311,1
1235012325464367563,1
1235297316990041463,1
1235413596008105731,3
1235547381045342382,12
1235631624599669869,15
1235664811903598376,9
1235718325547482150,0
1235741814524672011,11
1235794182247459009,3
1235867414379774705,11
1235874819795785635,12
1236128952635006941,13
1236189354731611503,11
1236380991091696081,11
1236434899114522479,7
1236657738665544958,14
1236927102702983059,0
1236946481833030757,4
1236995126893575030,1
1237119121680613130,0
1237124723461224349,3
1237156527706454055,11
1237196588889246001,9
1237243182988359691,14
1237405931267943085,11
1237421087744548192,11
1237611136393848962,11
1237628449978041522,0
1237634959214217578,3
1237643773552123348,11
1237664887666783951,11
1237727115298167359,6
1237818148917319154,11
1237829879437609248,11
1237922595986709288,11
1237940718724672668,11
1237976475893567658,11
1238029183898488675,0
1238121635036668101,13
1238265115449300310,7
1238329568616294807,13
1238341005650010881,11
1238342972937022040,12
1238381731476165839,11
1238490520831367284,14
1238517249174117242,11
1238530502484380598,11
1238567584108080373,5
1238672849080352145,14
1238683523107351859,7
1238685467786501427,11
1238745319070602679,8
1238758626171283449,11
1238959986814904279,6
1239062991952099108,11
1239171690363699613,7
1239174306106556586,12
1239263987724828853,14
1239266156362483986,11
1239281033095100144,15
1239323529069869967,11
1239453428813031899,11
1239782656610078785,0
1239827176775648629,0
1239949122556723253,11
1240011176714571670,14
1240013821122188142,11
1240195495038115915,5
1240260037753950379,7
1240563601756964808,0
1240636584747247494,0
1240709181828739093,6
1240719959339682369,5
1240758381947319598,11
1241206489471956127,1
1241288432850950302,0
1241295636612892507,15
1241315703016074282,6
1241418490875466736,11
1241525548338715840,11
1241918796461113921,11
1241998749860651873,11
1242027885877712386,10
1242061521499724791,10
1242074632987650701,11
1242117603696555210,3
1242120707244289340,3
1242124318332179077,3
1242153453206705603,3
1242167338515934693,7
1242205329162715112,11
1242265145477373360,6
1242313745558081138,11
1242314976951417389,13
1242319215422496507,1
1242322657036072738,11
1242392166673396347,11
1242672022260905316,11
1242699051991775201,11
1242732008876783768,0
1242765139261923859,11
1242853192282034729,14
1242950359338790037,14
1242951022220187842,3
1242969532883362901,11
1242979189409984036,15
1242990890521101365,11
1243025625910402396,0
1243087248170712836,11
1243382450026312975,11
1243563549269411269,5
1243605214619027002,7
1243651814248710352,14
1243712698468100749,0
1243712804705099105,3
1243731881284203836,11
1243759402710351868,5
1244038790983880536,11
1244142354180791431,11
1244240261216250830,11
1244281949102932531,2
1244303037870887142,11
1244373685812750587,3
1244381049659802635,8
1244383039362502254,3
1244407725208308175,8
1244411580283463275,14
1244530887726756318,6
1244590140569013610,3
1244858054211517279,3
1244929750407714888,15
1244936778129349937,1
1244938037190245129,11
1244980373491758829,0
1245102058626195508,11
1245670570816182937,3
1245680993865909289,3
1245760281807524680,1
1245773245374242584,0
1245780819486003309,7
1245949309011863641,6
1246032941354240491,11
1246264290373847293,11
1246400400417748239,6
1246462613863507864,11
1246525653146226985,1
1246531637481035107,1
1246535951325090421,1
1246654379479082870,11
1246663287173569357,11
1247031745417001959,15
1247140048687822536,0
1247203009353988125,11
1247260215502319516,0
1247335454933669318,12
1247339247924325202,11
1247382814443001396,11
1247384671360854659,11
1247411868908545716,11
1247419636221083349,14
1247804866298359339,10
1247821497677376644,1
1247821730300903148,11
1247844608605371296,11
1247867868866650829,15
1247960274969251046,11
1247969750167468297,4
1248025559929457120,14
1248047592584402227,7
1248092454867205498,5
1248123614391846609,3
1248321645202582507,12
1248341264186453438,12
1248490116088609014,11
1248710211321702971,11
1248725753609350156,11
1248831462636410262,11
1248850867110304912,11
1248867187912730283,0
1248873799757857356,11
1249238707333203319,15
1249305896662393908,11
1249357371427191363,11
1249375669216463453,11
1249418348886935741,11
1249460970819948049,7
1249972735320796704,11
1249978144141145707,6
1250068223166920527,12
1250090214403616301,11
1250260374006723702,11
1250802968296608815,3
1250847656020502899,11
1250910756181109115,7
1250995422814355148,7
1251424510702060653,15
1251462343342259295,0
1251506466556049530,11
1251518445813115876,15
1251530116374831975,15
1251560625379592399,15
1251562833505235163,15
1251625687983124126,11
1251678575344231143,11
1251690611660526596,11
1251701762647627641,15
1251728981310584776,4
1252123708038969337,11
1252128530127999015,3
1252154376885059966,0
1252234075317222249,0
1252297216583644320,7
1252382747714221807,12
1252399003839565347,15
1252401808997758025,3
1252439066249344653,0
1252439982954719382,11
1252453543414385745,11
1252460540570266313,0
1252501912840021019,1
1252504057488411468,1
1252628680279594259,13
1252781521822662672,15
1252823699555714737,7
1252887089056488853,15
1252942796104889150,3
1253013956073350596,0
1253076707525684002,11
1253134815093663927,0
1253142155454444790,11
1253219287581096285,5
1253251572775284209,7
1253509564941562834,11
1253546192274954715,5
1253557497545230971,10
1253565749333062006,5
1253589200361666687,9
1253589213955405234,3
1253663019324143936,3
1253691329004326808,3
1253782865962440080,11
1253902822737608107,11
1253952384618329000,11
1253975675215572829,1
1254085237893054148,10
1254293226474798369,2
1254392214187290972,14
1254473703136172742,3
1254577593442811708,1
1254914395930604204,15
1255035347560794605,1
1255059599362132272,15
1255122350284335114,9
1255122998254400729,5
1255136453874427184,5
1255155006019603998,11
1255235229437944329,7
1255240112640482591,11
1255266310145746342,6
1255370184918852116,7
1255448656419767788,11
1255767035860331819,1
1255769670526052697,3
1255785937208841584,11
1255818360088168533,11
1255838814690620793,4
1255876076601902140,11
1255926964950808293,12
1255956264719145605,0
1255965381490100475,4
1255997152208516320,15
1256000609996871622,9
1256200020755317205,2
1256484972184701616,0
1256486107873236837,3
1256500001542586820,12
1256616643815253419,11
1256650705977393401,11
1256706017283619926,11
1256769294239561668,11
1256783300196871468,12
1256812267457141244,12
1256823694161423724,1
1257194725888989663,11
1257212035379396419,3
1257224546050929670,5
1257232811308013864,11
1257252570346976101,11
1257311373719476715,5
1257345797415587217,0
1257349394530848212,11
1257361593028307148,3
1257408756933666187,5
1257489266114443402,0
1257569254554431187,0
1257575143975619020,11
1257587534365350076,3
1257590489320263179,11
1257695268577713888,11
1257748474728985275,6
1257826546063647693,0
1257871230077715359,12
1257915779442234567,9
1257967932514022490,14
1257985923508674784,7
1258032733463148888,11
1258055100532588137,14
1258207862100401767,2
1258239533524913418,11
1258252438748964551,11
1258259669686198061,0
1258266976836284694,11
1258284089978081943,11
1258296220262489858,11
1258750516052138786,12
1258750556031907696,15
1258801717424283502,11
1258801821982685543,1
1258809910953635595,6
1258931053738045720,14
1258931912823081300,14
1259064291786091990,13
1259348609761276481,11
1259378390665573560,1
1259384494318090359,3
1259472980715444693,14
1259515039558132252,9
1259689666405437813,15
1259758631387858643,11
1259765640432730208,11
1260125032326193412,14
1260129939738621265,0
1260230602429331719,9
1260230942253473705,5
1260263260255666516,11
1260279078929840528,11
1260328759037476306,11
1260395009745650877,11
1260435692194708249,1
1260458493000792487,0
1260821939456399536,5
1260868404651131822,0
1260910811631849288,7
1260912522492625296,5
1260949472975937862,11
1261042836626738620,11
1261157533974811189,0
1261185938589436909,11
1261502974011440798,6
1261539813381848624,11
1261592273735893485,12
1261691627247834193,0
1261707495170670024,12
1261718101467310371,11
1261731231977321996,12
1261806452966041445,0
1261830893782644073,15
1261835290443928558,1
1261963585221026579,5
1261968530530868660,11
1261994085283543594,11
1262008238092020651,11
1262207514730102251,11
1262232105340604422,0
1262240419195403733,0
1262269459483368855,11
1262270865939815796,1
1262284137484934994,11
1262310373986795511,11
1262318923575030092,11
1262364122966025280,0
1262373419716764155,15
1262387275822068071,11
1262405012015062441,1
1262456159913812895,11
1262514227958608613,12
1262517748682235312,11
1262578112788525415,0
1262611611473462655,9
1262614231981530606,11
1262618207511004023,11
1262659726105093888,11
1262684132457265917,11
1262969833191577591,13
1263014424055122428,3
1263039925509157756,3
1263056266000301272,11
1263090251199947824,11
1263099736939489990,2
1263120903496748230,10
1263176615832919540,14
1263308502807237944,12
1263373548388862875,6
1263419534576252299,7
1263522157480809938,11
1263722322076963595,11
1263734252127439838,5
1263765887549153368,6
1263856507281924946,3
1263897098460401546,1
1263899711384226343,1
1263983429258299681,11
1264007191859637262,7
1264080788201535613,11
1264090884116875602,0
1264121759798309121,11
1264418166500598513,7
1264427520152012203,15
1264499696216056660,11
1264580797670780685,5
1264581379440269101,11
1264647521941770933,11
1264747562886716806,11
1264802029910485394,11
1264831011489150811,3
1264844404523495352,15
1264997160843725540,7
1265228284153644363,15
1265281020595791038,14
1265301343640495937,14
1265427459926903587,5
1265542315919321461,11
1265568342352444511,11
1265698975705244237,11
1265704457960382431,11
1265708680027639356,11
1265711440960632480,11
1265813193966003195,14
1265864864571557660,11
1265882008138577758,6
1265955422173950488,5
1265983224341053228,0
1266013523803013467,9
1266020111780551215,7
1266028738052634071,0
1266123216263885464,11
1266124171784860694,11
1266308807475655316,12
1266577116178987194,14
1266817237514322617,11
1266943338268441366,14
1266945264548102140,11
1267010853318739318,11
1267355913204016171,11
1267387304764042141,11
1267387469023894106,11
1267458100182156931,11
1267482273814557390,12
1267493038630890510,11
1267523427308145130,11
1267530582923837965,15
1267552583759103943,11
1267580856186813591,10
1267646148757281032,11
1267740037662420694,3
1268061167248431339,12
1268074344597636571,3
1268096229464979640,15
1268113725079097336,14
1268114175011849057,11
1268144731066173318,11
1268171230996931722,11
1268244179877334515,14
1268271197361645417,15
1268275680437370562,11
1268360362907365422,11
1268378749075233951,11
1268379971357642376,2
1268418725640836992,11
1268421493488318623,11
1268446546695999910,1
1268581958857807569,11
1268810173507002557,14
1268919359348587295,14
1268941932473969634,14
1268944274927820467,14
1268945727437821856,14
1268970551570816491,11
1268996621318405423,10
1269020460061895974,0
1269033294558453604,3
1269061426959202261,0
1269456393049121046,11
1269602622410942496,11
1269640057724218632,5
1269717039986600274,11
1269718169266496373,12
1269728796353221971,7
1269770642259080724,12
1269832936220632695,2
1269835027430203715,0
1269867766803869212,3
1269888398165124734,11
1269905878554480916,7
1270226162180925754,0
1270252219670033501,11
1270318609812273954,1
1270336086316019782,1
1270475028140014590,9
1270488643850411326,15
1270546487612763551,5
1270608681657829732,11
1270609502788052436,14
1270653702395119905,11
1270705461581658944,11
1270705963300501681,11
1270944378387288246,12
1270958840850262725,11
1270992080132318891,6
1271138221485283766,15
1271146301354961277,5
1271152757537910209,11
1271163260696790227,11
1271165782454832831,11
1271174216776083800,15
1271304329498246063,11
1271327603985871001,11
1271335027714578619,11
1271750936707819897,11
1271794146917481174,11
1271859092254826176,0
1271898786541762289,11
1271932159784521480,11
1272387934938460510,11
1272453270869883983,11
1272457434422845020,5
1272474244232190747,0
1272531012370643607,11
1272650809101370435,11
1272671711937072458,15
1272680863549921503,0
1272703882863352033,11
1272726752872191190,0
1272752895523904677,1
1272759901191990755,15
1272760459553593767,3
1273092196960847355,0
1273104486661040281,11
1273210932894454246,15
1273297544980972907,11
1273304149027654350,11
1273334140553342878,11
1273371739972277816,13
1273470864047651880,6
1273524382292037905,15
1273938552245928012,9
1274143713242224033,7
1274181113062055937,14
1274252917619776581,12
1274561020001637964,11
1274575618857015409,11
1274615110079149862,0
1274654918794529166,3
1274964250717632918,1
1275277920150472322,12
1275330732632328131,11
1275341371851741902,11
1275386455129564921,5
1275430037113021093,15
1275439417604052802,11
1275482205821503070,5
1276094698343472272,5
1276208143513705560,11
1276240801288468011,11
1276268798872748212,3
1276404456851244468,1
1276417527821996818,11
1276430908282739884,0
1276485531634428203,11
1276892518739029815,9
1276905257657145527,7
1276956344986991781,11
1277000236423143918,10
1277035878209998855,3
1277078227136284161,11
1277118405219255788,0
1277119649266159669,0
1277336670827142488,4
1277429652124445151,11
1277430377104712065,11
1277469332453435318,7
1277485216952449109,11
1277504204375944889,11
1277508310478017165,11
1277531532052057188,12
1277722361665498749,12
1277729993291641256,7
1277774152263865091,11
1277777178636519408,11
1277794380608550515,11
1277868778656080922,14
1278103522747402853,9
1278182466656695959,0
1278196971820971685,9
1278244622266308271,11
1278467598050579189,0
1278543862973531029,11
1278555982043128922,11
1278665138191793436,11
1278934976435400572,11
1278961611225260979,7
1279017310103071072,10
1279055062385130921,3
1279058571549089906,0
1279059496526591772,5
1279223207994146887,11
1279278329759710817,11
1279285160472306516,11
1279634568360515228,0
1279656198517771490,6
1279683869139196334,11
1279696849757681193,0
1279715453677647435,11
1279822949288048158,11
1279839686058789076,6
1279893185526181512,11
1279904401351971153,7
1280070131232310626,11
1280393783071894673,11
1280420418371175944,1
1280480301681018637,6
1280519640409372699,11
1280586048700014452,11
1280614746012241618,12
1280651923005082855,4
1280656311921596654,11
1280664481280277217,11
1280692581398742617,11
1280828468899522592,11
1281056790659577112,7
1281103676626535715,11
1281156627401030109,15
1281208229092857704,3
1281275566826012781,10
1281283236770157817,5
1281299617190070306,0
1281314231023811043,0
1281434512816742543,11
1281847052216182040,9
1281875808309216505,3
1281944844690199797,15
1282014348515726212,0
1282200825574047237,11
1282289967585208491,15
1282585279534041817,0
1282587911523343670,6
1282735011602709122,10
1282766034063865707,12
1282828032286214545,0
1282849872033075124,0
1282901591231273815,3
1282909791673970699,1
1282918959979566880,2
1282995925778798059,3
1283301840884066002,10
1283310653471445043,11
1283364244503585292,7
1283410317102265675,12
1283429561094735447,7
1283488215985142808,9
1283508824444341294,11
1283524999636567898,11
1283614687900315628,3
1283735907932174036,14
1284097329415534344,5
1284115511398711684,0
1284146971369388783,0
1284272028036456092,1
1284274205636561867,1
1284372668370066698,3
1284419779855830070,1
1284442609500877429,1
1284605268583390765,6
1284793700028520305,11
1284821618208781383,0
1284823036466852990,0
1284840681532016317,15
1284846133917465635,11
1284857401184059444,14
1284878672304811657,11
1284901734594527268,6
1284907183604304158,0
1285009711180715408,2
1285027132246448606,11
1285118013439634893,2
1285134230201648559,9
1285452681707214026,9
1285533020277052003,11
1285534457074905337,11
1285564968030646479,5
1285683612002182666,11
1285776832120854960,0
1285918064761714605,11
1286096133796488837,4
1286224547212970829,11
1286287706622078417,15
1286325713083427870,11
1286353711669890262,11
1286370511883630469,9
1286391149036461998,11
1286418191808264127,3
1286428300327365520,11
1286455425381687910,14
1286484936957827445,7
1286643509670812130,1
1286883184047821015,10
1286909498852179298,10
1286933437350551072,15
1286941482999340127,10
1286944334650236622,15
1286952890055660918,10
1286955788716070809,10
1286958908521744812,10
1286980562473735855,11
1287000203640427020,1
1287033984926259484,1
1287039725288273744,2
1287061875531358442,11
1287066766012087118,7
1287078554841184237,11
1287090982696842997,15
1287182050351064642,1
1287210722815156273,1
1287259783189084761,0
1287264142437117753,15
1287286023333089534,7
1287300545032513985,12
1287301740344641411,0
1287311614619523944,11
1287371359187017570,5
1287379629713116483,5
1287570652877388230,12
1287680470812024178,14
1287695619474760350,1
1287697883837895113,11
1287729259860303749,11
1287741925198625603,0
1287749083059740172,11
1287777046873142920,11
1287841213486192793,11
1287931174329643661,11
1287939138223943273,3
1288089670562207251,14
1288152535184886011,14
1288394602913324439,11
1288400866963143168,0
1288424407335036642,11
1288489422428476393,1
1288518472823855439,3
1288595897431713625,11
1288621546655196418,15
1288626793753266490,0
1288689078307670695,11
1288745729303845158,11
1288795774727016738,7
1289033151396509744,11
1289106979447149187,11
1289120303492132206,0
1289210969305173770,12
1289236568534704845,0
1289286501926185404,11
1289312725731164286,11
1289322745406228035,11
1289324198383311157,0
1289328706604266697,11
1289358540778229611,11
1289362228419974483,2
1289455193668352694,6
1289482715432908721,1
1289510780258303712,11
1289532711426096613,13
1289554630892928739,14
1289857986112083400,11
1289876931702776714,1
1289932810953337103,3
1289946762212207181,3
1290091921886443724,9
1290115823047087347,3
1290139092775828332,5
1290153289138785929,11
1290216444757535995,11
1290623018820037011,11
1290691623543081881,15
1290719629666624729,12
1290780587497535544,11
1290922613526926758,1
1291360756853604742,1
1291498241581820654,11
1291499028192097273,5
1291614670788631185,11
1291628512697118438,11
1291660658368132295,11
1291683004887557020,11
1292029958577901332,0
1292125969870637099,0
1292174333982843950,11
1292357840349435930,1
1292396456785876980,1
1292739847655285796,11
1292743394662009450,11
1292838303886693532,6
1292849371670900338,7
1292888358767070096,11
1292890275563732552,11
1292948101449172160,11
1292979862784692088,1
1293038756821903942,11
1293069914463395492,11
1293081534294449154,10
1293127717173080177,12
1293135930205609104,12
1293247778745779300,14
1293400388101223139,3
1293525659066602487,5
1293541769583236644,11
1293579361580994138,11
1293787333207387234,11
1293813568436303219,3
1293856327072015148,11
1294048295711790250,12
1294128231884833582,3
1294200698982275681,11
1294205751772964164,5
1294230668675862960,3
1294249071802583676,5
1294273201018658345,7
1294342695892921084,3
1294346780580314983,11
1294374109108312214,3
1294376482668618925,6
1294404446270265294,7
1294471661597374727,13
1294509871571962209,11
1294534627366734395,7
1294612217377390468,7
1294639537334088117,11
1294827958680964787,15
1294939006965017728,0
1294963483513864399,7
1294976914669876978,6
1294985558159867519,7
1295053130705306440,11
1295055705385291030,7
1295115382167019150,3
1295155295452503608,1
1295198349907129178,11
1295199519112340048,15
1295208870698755593,11
1295220690328768659,5
1295246794874752496,14
1295293553341415937,1
1295411945135742270,15
1295719928333641401,5
1295862514174604076,9
1295910152328599128,11
1295970136216171103,15
1296018421568191535,11
1296101662809713052,0
1296396079522147973,11
1296406662334695799,11
1296427674898281241,5
1296442817117923385,0
1296472021379094409,12
1296556988263790663,3
1296609273403907739,11
1296778845495235987,11
1296782877293105489,11
1297027600058669772,11
1297083789153957360,3
1297218200071667776,11
1297232365887624688,3
1297281030464714306,11
1297375368946431956,11
1297417408703918566,11
1297447165672359951,11
1297452112667457530,11
1297465923048200959,11
1297469392215154951,3
1297543189226938164,3
1297552108017894893,6
1297851462160741778,0
1297869277989904338,11
1297876326307069451,11
1297880237525226052,5
1297914656977516335,5
1297948729348667741,12
1297950894718391775,0
1298034383768990271,1
1298073646173115614,7
1298172485975656452,11
1298309221176667275,15
1298590705881323029,9
1298653756149475490,12
1298661839865034746,7
1298677677003189682,11
1298810824344177355,15
1298893478900763501,11
1298933064467249395,10
1298944357724239298,7
1298947657878115343,10
1298956267543191834,10
1298986599599432134,12
1299247985978707393,7
1299367510964982648,0
1299475614730281090,3
1299901074913737855,15
1299997227151184951,11
1300010211075862472,11
1300088467359071960,0
1300145464479916573,11
1300262251079859093,11
1300269879573618871,15
1300296676043459029,11
1300316826569048297,4
1300343362017972499,11
1300343993213420754,11
1300633362173881170,11
1300685916770876971,10
1300695488269609093,10
1300699505510306771,10
1300701840444906697,10
1300756931687267576,11
1300799625743881827,11
1300919587710212011,5
1300920884799070255,5
1300944236859350551,12
1301118696023424715,0
1301400528503790855,11
1301432793906258437,11
1301490324417944561,11
1301495590496918683,11
1301546518803518069,0
1301555619677013542,11
1301573856906947149,0
1301715887983154877,3
1301799586358233087,7
1301974836590671711,11
1302174774568711422,11
1302212082917787646,0
1302262199112002803,11
1302304253548382268,0
1302338289600735720,11
1302375109488567880,11
1302417371107739809,11
1302417903760195998,11
1302671401343343779,11
1302679519179559067,11
1302933357497970382,15
1303082465651751223,11
1303325854402527001,12
1303431524595001880,5
1303643793107971962,11
1303646227506081961,11
1303652555889380869,11
1303674855221027142,0
1303680351893418405,9
1303753929870258811,9
1303792440532297289,11
1303792719738285039,7
1303833598444308906,11
1303867037300766604,5
1303890641169195435,11
1303904783167764395,11
1303920959095713995,11
1303951813432345101,3
1303956802316764658,0
1303961534758398041,7
1304305893118203960,11
1304333028935570849,0
1304356831915059137,5
1304411268744521102,6
1304448661118416572,12
1304491966668936996,11
1304498321577756499,12
1304517191968978824,11
1304626058366595964,11
1304641247021467108,6
1304727698682344290,11
1304927134589268589,12
1305005388352955675,11
1305051040795360616,12
1305056187488904668,11
1305062292575202490,11
1305065854452507018,11
1305071133583134467,11
1305077764939926577,7
1305099967856746127,11
1305115161173140963,11
1305175534927033269,9
1305203066379496096,0
1305223386128086381,14
1305365253395001894,15
1305431419666858317,15
1305472254048487837,10
1305883797157349526,11
1306073339608921743,0
1306075152239418980,11
1306084848394729420,3
1306121747078544394,0
1306132500362577859,0
1306139409783405036,0
1306230748390654103,11
1306235290427400219,11
1306236433436649762,1
1306245792395932912,12
1306541763201422999,11
1306606239460027454,11
1306614921343345046,11
1306624731851450981,11
1306635852068949943,11
1306650541117669705,11
1306650801251987019,13
1306730835296296624,5
1306929017304045224,2
1306958256772548750,7
1307213625101270170,0
1307242165112062517,4
1307277078612564850,11
1307299825680623491,4
1307447147207928752,6
1307510715374199521,3
1307543086982146339,11
1307548120285757217,11
1307568255576589710,12
1307592582067896800,12
1307835611142163579,1
1307853853974295194,5
1307973607181960449,15
1307990695940177083,7
1308123921472619843,11
1308259643460815611,11
1308261515164099316,12
1308292657877795921,0
1308344840403298087,11
1308345324403906572,11
1308367885038007973,11
1308424991352008712,14
1308510276911839969,15
1308672194079758124,0
1308738383746141160,11
1308782982642151469,11
1308804396734706282,3
1308827646121215726,0
1308849674021899075,11
1308871901423173604,11
1308877359822218222,11
1308906085379170552,11
1308925971151455995,11
1308960301742353998,11
1309278748111112533,5
1309472123454916677,11
1309497565222856373,5
1309524763821445541,1
1309582555223829162,11
1309601369942582865,5
1309617896246478677,1
1309649558220572117,11
1309720115668596475,11
1309723645853503298,11
1309748635755782247,14
1309780896290088030,11
1310173039633324007,3
1310242856859872655,14
1310318134212897631,11
1310365115020222340,15
1310407085318100481,1
1310434942974300644,1
1310440284712949705,1
1310446618868160047,1
1310459841542523734,11
1310460621643548614,1
1310482520884392721,15
1310939285457899581,9
1310960352651994418,11
1310971375626230389,11
1311077529797275591,5
1311112487204914714,11
1311115121879713885,11
1311558887083640698,11
1311573829361365241,11
1311589528102555546,11
1311609070850000833,11
1311650958730609519,11
1311667769221186032,12
1311773056038597957,11
1311819436600906341,7
1311926088063366291,4
1311949265923665872,11
1312041071274630129,15
1312313499374801359,5
1312424238034583548,11
1312508001039373052,11
1312646562476523531,11
1312724500586241730,9
1312969195924700459,12
1313053631668813545,11
1313115925351361420,11
1313175490002102872,11
1313224389695460597,14
1313345350623743040,0
1313430161414593565,11
1313477289862863323,14
1313766821899163510,15
1313772003896678608,11
1313806550459221201,11
1313828662085145894,5
1313849844025513760,11
1313877556448522472,14
1313887946625230538,11
1313902561866161502,11
1313953029409268583,14
1313998396648209277,3
1314188047345510416,15
1314426978320447413,11
1314463647590472894,5
1314488024218843372,11
1314518165527763617,11
1314550261023607628,14
1314625687824498271,11
1314702446419808949,11
1314709377978865616,11
1314722936860017220,7
1314744838027842563,7
1314747794841455419,11
1314866167599864216,11
1314878550047302479,3
1315228862039311716,11
1315235683633767257,14
1315246202028729864,14
1315254546184356228,14
1315268419816845687,14
1315279496894828373,14
1315279979135027983,11
1315458251972554670,7
1315471021736840907,3
1315475429581974597,7
1315575262810873620,5
1315604532613511569,14
1315839924504270388,3
1315981836333734845,11
1316029227845395125,11
1316057094667640243,11
1316069806854008461,1
1316172446006609785,0
1316284855869024808,1
1316688056392930168,5
1316694272814649637,11
1316702604758112633,12
1316709910948516483,12
1316847983170708810,0
1316957188177041438,15
1317451966876012775,7
1317465914528642779,7
1317581952903850642,5
1317733189876426343,11
1317737578467472080,11
1318216967621495848,0
1318220005153487637,12
1318225648640824601,0
1318251552583467385,11
1318924809340517763,12
1319381870419040820,11
1319540038841918479,15
1319540487390432078,15
1319592410218736029,11
1319622867602788922,11
1319850852795628473,11
1319924733672476852,11
1320077771226487796,11
1320285399993595113,11
1320361037712488521,5
1320383200493012433,1
1320551963352342391,11
1320603962840729584,1
1320615404657623803,0
1320760823203521123,15
1320787616583932608,15
1320980503944425411,0
1321003682019121558,14
1321088214277847071,14
1321213063322065632,15
1321873227146888358,11
1321973898782233702,7
1322032422750907379,11
1322050205113604314,7
1322060059681942435,11
1322098388530270999,9
1322124007467552144,7
1322131295126464898,11
1322414910799576476,11
1322453196728903390,11
1322610415677163984,11
1322631908847475845,0
1322719432080788344,11
1322721550843310319,6
1322730799749355806,11
1322867430612215636,11
1323163323598682329,0
1323184985275369750,11
1323193955654868634,9
1323194529697783774,11
1323240725333794363,3
1323277819443443953,3
1323397714382577307,11
1323404315669427133,11
1323411353082679504,11
1323423636876722411,3
1323558218034283018,11
1323898119278336864,11
1323902776246665365,11
1323915768878522656,0
1323944250798455673,0
1323975823109360370,11
1324009006220222999,11
1324011250152103070,7
1324270216462102867,15
1324674408320999341,1
1324707299790098626,11
1324758251623501422,6
1324840246750243204,11
1324947511891891820,13
1325450639766109753,11
1325475040329746874,11
1325521583588016698,12
1325569268355429256,1
1325658866009871078,11
1325692864274443289,11
1325702540713116106,11
1325712496293794203,9
1325713990483567131,11
1325719989892337586,11
1325742517103790544,9
1326061720212699493,11
1326073646206310564,0
1326126285765813618,11
1326143693099468347,11
1326147389953668040,3
1326150545945944156,11
1326361436768052797,11
1326528492932026094,11
1326744079486388233,7
1326856261780297461,2
1326864909966248584,3
1326897193010734765,11
1326946039550110719,3
1326970755470642908,11
1326983968987959486,11
1327032593019094561,10
1327133189036720409,0
1327206276774087430,11
1327216331293065214,7
1327339400142056874,1
1327466146684437379,3
1327577661322671411,11
1327584770840509499,10
1327654542509810681,12
1327731526684573151,11
1327748437451642651,11
1327840753431619439,0
1327893528823860908,11
1327946995720366401,14
1327949620178685501,0
1327959549529716617,11
1328313315453570773,11
1328317530728657208,11
1328321249956969207,11
1328338247618046144,0
1328347144175588483,0
1328355390878649803,11
1328370279174115122,3
1328385495717100822,11
1328596007332864899,12
1328621793089387673,10
1328664100080382199,12
1328759781160720717,12
1328993856524619916,11
1329054618673170792,1
1329067861662045477,1
1329083473396510027,11
1329087110194864453,1
1329139702753853200,11
1329198902194664111,0
1329257606145776374,1
1329264676919127915,11
1329290520048897089,11
1329312967490704105,0
1329700609187110479,11
1329822440857241966,11
1330146085695702931,11
1330202557900483951,11
1330337781672193360,9
1330488851193394369,7
1330505011667166360,4
1330531246943061587,7
1330660743210979153,9
1330692481592451918,12
1330710514592434602,10
1330743319211412151,0
1330751616252735844,11
1330942943376351417,14
1331207841406234154,12
1331212526712733101,1
1331314293857121543,7
1331325005932663078,3
1331366573424204499,14
1331852467061921867,10
1331883741999022487,11
1331943866993284001,5
1332013711963892780,11
1332024597600411267,7
1332075930162957859,1
1332163844813042997,11
1332221626562484208,9
1332357303024192356,11
1332376966300112938,12
1332397087985466937,12
1332727773950672342,0
1332740985041919471,15
1332766529294865433,12
1332790315867619388,12
1332896447593388758,3
1332927781004749207,11
1332954067632079691,0
1333149912039064875,15
1333207720939914548,15
1333371336308197437,11
1333416139369532683,12
1333498134716775061,11
1333512230641377082,11
1333557749590097135,6
1333731592591351409,12
1333799744467878200,11
1334026769328583796,3
1334060503665600776,1
1334144142614722846,11
1334250365159049763,12
1334362344580371632,11
1334375180403518662,15
1334509041762189358,0
1334537385262244114,2
1334818856667799534,3
1334864289809997569,11
1334886622848454341,3
1334902372787394408,0
1334983179283191364,7
1334999333693461072,1
1335058517950695395,11
1335170460372004939,1
1335240158385252760,11
1335458377705770093,0
1335618632272190022,10
1335654003697241063,3
1335662504860843588,9
1336582450830953949,7
1336638810692102556,11
1336850843777700417,12
1336911636417146591,0
1337013382320801346,7
1337138270071617719,11
1337256113562456292,11
1337395192431215153,4
1337575606178239707,0
1337756601900524522,9
1337795941674921772,3
1337939140551558011,11
1337958045786100780,11
1337972331869813796,1
1338062463978218357,12
1338352592491559972,12
1338391258577710441,0
1338490445516778863,11
1338510255099439720,11
1338552153831620570,5
1338733684107727666,11
1338774046548015845,11
1338839123233388640,11
1339118614867816045,0
1339197937189722248,1
1339199512808050386,1
1339201225583155710,1
1339316372410273188,7
1339470852334455993,7
1339850540852273645,11
1339882425711259904,11
1339908400547530624,11
1339927299548730892,0
1340463365567150578,11
1340534539811764355,11
1340613701100098992,1
1340639782957216928,11
1340825397156024261,11
1340913912348985566,0
1341553825284675898,11
1341609918719034235,0
1342081791010614550,11
1342161980085678899,9
1342542046302454502,7
1343106801581391637,11
1343220615027245187,11
1343438054634683361,11
1343479562808512829,3
1343583131593056770,9
1343599666944544017,1
1343600690895391165,1
1343600870961143238,1
1343608291935072715,1
1343625311627323661,11
1343781986903108195,11
1344004451025631062,3
1344272299448151461,15
1344343465371714564,0
1344436426780192493,12
1344570515388071857,0
1344604630965566920,11
1344641396037549031,15
1344687550977913605,15
1344955637219395581,11
1344957291469268129,11
1345195034208584789,0
1345207277286406125,5
1345309869699351734,5
1345346288306881275,11
1345435788910823370,3
1345657949091319359,11
1345759613968709038,14
1345846563464744608,0
1345894481991179585,11
1346405698084187595,10
1346491736109415654,11
1346497065774793789,11
1346628109744777011,7
1346628948170064718,11
1346652854864742117,11
1346673376292685905,11
1346715814611286896,11
1346742547534860791,11
1346747132419032146,11
1346755986265593174,11
1346776558316879097,11
1346809614931449151,11
1347129417741816385,0
1347145350014388605,11
1347223968672553435,5
1347400563178763505,11
1347461063256801495,11
1347494259490372584,11
1347518627459301889,11
1347544799287486163,11
1347549983142569725,11
1347885099666304442,3
1347939533065176733,11
1347960867740098768,11
1348060394155173912,11
1348071654816128258,11
1348084139278794661,11
1348184070482122057,5
1348217751767618230,5
1348486277229454316,7
1348607571168938518,0
1348644026163839138,11
1348649450643597912,9
1348665046634067979,0
1348816424469059700,3
1348822240728069033,11
1348858384792731348,11
1348881269331189389,11
1348889198588682137,0
1349274714616802031,0
1349285948738117734,0
1349382175445214215,3
1349456349675408939,11
1349583137700846583,11
1349608564749100490,7
1349640922922356155,11
1350003570140812577,11
1350034979318802420,3
1350038286497532554,15
1350093304930526881,2
1350134451208347289,9
1350197204516294217,11
1350221522307970655,1
1350257377557860577,11
1350342012894390087,11
1350355454481092524,11
1350358876640826635,3
1350359615021480628,11
1350566172873881858,6
1350605712266104520,6
1350668617660746732,0
1350727330548624858,3
1350738283286353260,3
1350797335148736225,3
1350827718555531036,3
1350830901350590223,12
1350922095650774554,11
1350940558118478057,14
1350994260809357633,2
1351024092016075897,0
1351037543915534737,5
1351073547110164657,11
1351092311106830717,11
1351175281725269979,0
1351187296566381745,14
1351705232625708160,11
1352103110919671092,7
1352192599036928328,4
1352222157394401017,0
1352257720555986317,0
1352302197638012139,7
1352379064092487560,7
1352395209878599546,11
1352406029791480002,11
1352586951775377104,1
1352967455601063564,0
1353113952081917217,12
1353131103470533992,12
1353131961985231638,11
1353197793507636022,12
1353250865883259453,15
1353441452689237917,15
1353658779379462064,1
1353705137109361086,0
1353708695050183694,11
1353834030523832372,0
1353858002297494299,11
1353933430648739281,3
1353943530185786271,1
1354495426637262645,11
1354506473332332965,11
1354506915861091471,0
1354514975310181023,11
1354540143588093792,11
1354598847071511362,0
1354663409601261488,11
1354964805785354135,11
1355080032434632985,3
1355161765801380009,3
1355205190836049413,7
1355218078108161361,12
1355255041715382574,1
1355367467488236260,11
1355393597271735712,11
1355473799135951576,15
1355839360922746281,11
1355886867527275590,0
1355890661300364616,1
1355944091287557756,12
1355972384835108548,0
1355982163833776967,1
1356005780990726556,9
1356047857336718983,0
1356166279775825743,11
1356408484040317705,9
1356583537566661132,11
1356604579907378811,3
1356651613877877905,11
1357202873021725477,11
1357230112180717893,10
1357282690106430703,15
1357290221147004332,11
1357349746702421030,11
1357351030989107847,5
1357460490178754642,8
1357771777110630325,5
1358052754314814886,5
1358071382961898037,5
1358172211647265907,11
1358787805206190126,11
1358789598535150536,0
1358801611436985155,9
1358808488569178101,0
1358812698615988624,5
1358868335207418775,0
1358959412545220875,9
1359062968870705148,15
1359133018003782860,11
1359433338370427929,9
1359773552539375158,7
1360123792667783572,5
1360149854903952385,0
1360161740020663365,9
1360250053653568668,7
1360293876386177725,11
1360369293060783933,14
1360386555758155809,11
1360443779684745114,11
1360726178071171360,7
1360888463255081545,7
1360942560856741306,0
1361015580737914591,14
1361063026216272710,11
1361156897590442955,0
1361570716629721218,11
1361748710709453499,11
1361757265835921865,7
1361827576422843073,15
1361906418684301848,14
1361923397674212164,11
1361993657007511264,5
1362009071210297254,7
1362331480938692703,3
1362386593090438687,1
1362531846501188642,12
1362596373024307170,11
1362606092512348797,3
1362629344197977827,1
1362631121928160078,1
1362634171685638481,1
1362677128263766998,11
1362701182601754734,11
1362953643749501766,11
1363007198751602252,14
1363043582956821553,15
1363121814321806482,14
1363152551063544201,11
1363187126237438543,15
1363232781725853167,9
1363291416407039571,0
1363318242210261886,9
1363346927994974936,11
1363438453212897340,11
1363617332665628106,11
1363630522182380666,7
1363678996622816624,7
1363861198240336648,3
1364003966008163637,11
1364149662491414711,0
1364204454205354606,12
1364280421231205552,11
1364469051120812967,5
1364677115465263383,6
1364777452898334127,0
1365285116044297332,11
1365425478097236079,15
1365505131404983411,11
1365528793626796221,12
1365615294122765435,11
1365655998422514538,11
1365982836631995628,11
1365992058321742709,11
1366171140304151425,11
1366227845927262347,11
1366289247458610960,3
1366294339228543940,11
1366326264738194134,11
1366348918274681045,2
1366549204162685335,7
1366729981239127587,11
1366788404763337911,0
1366826859064978466,11
1366842295247924192,6
1366849347130806105,11
1366916930379858049,12
1366917723187462818,11
1366944643823226725,7
1366970333908472070,7
1367022519392467945,0
1367057019612885773,5
1367290343089381102,11
1367473965545088790,11
1367489779223196993,10
1367493682183255927,11
1367636019369387271,11
1367718226407888020,5
1368020423901474001,15
1368156503230328098,11
1368232622109550468,13
1368274653949023346,7
1368284837722286128,11
1368327352421514137,7
1368457103360268044,11
1368572272046655251,12
1368777919656836806,11
1369001787370872300,11
1369091479964373136,7
1369112696313572997,11
1369115380380458737,11
1369241744939888085,11
1369261572400352423,11
1369510476751689180,0
1369702034781646108,14
1369752779793752197,4
1369753586625549895,12
1369855710037568538,15
1369901107796107092,5
1369928912934183616,11
1370288935978748513,7
1370289349944833253,12
1370302878093963930,15
1370307716122995026,11
1370430620617001060,7
1370543099227663754,11
1370557530934575276,12
1370558916632972273,15
1370595981224812888,11
1370638754772771780,11
1370648865433525103,0
1370658904603486023,7
1370676584236465190,11
1371082348025140787,12
1371166907330472739,7
1371199818927416718,3
1371206116015524574,11
1371240905873623267,11
1371358327127479941,14
1371406454888476977,11
1371547864169787512,14
1371763420537742161,11
1371789864016319023,3
1371794440238059794,11
1371887772480063206,3
1371932839018532399,9
1371981461246558065,11
1372463800998860760,7
1372586372813054887,11
1372681504137139334,12
1372750771951638840,11
1372908451133054532,13
1373210787221824959,11
1373253086093789553,11
1373255889601069230,11
1373262030104564105,11
1373350961075532200,11
1373465510118648114,11
1373513505774769537,4
1373845545312107789,11
1373984039496243514,11
1374026460274349133,11
1374069060885796951,11
1374081809268341836,9
1374122759724238548,8
1374143249120483032,8
1374270047583587144,3
1374291905334469901,15
1374583702343235651,11
1374648373370723731,11
1374725657897255988,3
1374742677145418847,12
1374837748915328809,12
1374923111644062535,12
1374929983236839026,1
1374939388816607050,12
1374959559305434201,11
1374962881936342500,12
1374987707541103451,0
1375274643392056737,11
1375278450177152529,11
1375282413023542580,11
1375360783965578875,1
1375454935801259718,4
1375528443611169676,11
1375606342190055469,3
1375607168795875332,14
1375659217058865137,7
1375685570827939953,11
1375707778411926024,8
1375714558331772494,3
1375732300255888872,8
1375745296470143356,8
1376208115674953930,11
1376296064576579075,11
1376297425530476377,3
1376327015997540119,12
1376399598809280969,2
1376733951738882144,14
1376881750008118354,11
1376942489811478083,3
1376983662814842902,7
1376984203450752837,6
1377207569309460342,11
1377633473175452004,5
1377668880659404271,15
1377797638330899249,3
1377847718380069892,3
1378138595516916014,15
1378225920270420352,11
1378414562862710433,15
1378480672053216166,11
1378489988249950744,11
1378493255931214783,11
1378496531486039399,11
1378513361424174844,11
1378525219694812252,11
1378525915385582479,0
1378566824422757732,3
1378568465829319132,11
1378916529323014237,7
1378927595029323755,0
1378962139805972255,11
1379138467656733149,13
1379211119645997956,1
1379281766838029654,7
1379351214430012786,11
1379572346571081197,11
1379724987525026113,3
1379725972215022471,11
1379733448934883579,7
1379768150878494572,11
1379888697819915189,1
1379957042748187422,13
1380132136852161158,14
1380146989224043366,3
1380164401067019630,11
1380319405294969800,9
1380356438279757402,11
1380449476942268131,3
1380513590616553472,7
1380757288185799381,14
1380985984916037296,5
1381179560906359596,5
1381211536930121253,11
1381225079352418668,1
1381244527559798784,11
1381258591622800008,11
1381279880556157548,0
1381500767619622732,11
1381550168578491115,11
1381754676539601822,7
1381757317349992474,7
1381849480381933302,11
1381905005096737309,12
1381920565117628350,11
1382056809244689328,5
1382116344586328692,11
1382118048478379397,11
1382368606135255479,5
1382525439797264875,1
1382548395862043654,7
1382627682062891838,11
1382877166993774493,11
1382901476071491311,7
1382924111214950235,11
1382934666562082961,11
1382951124582282668,15
1383403357905070535,7
1383443498728270760,12
1383458466502107528,0
1383469640128538495,11
1383563444834791227,11
1383608686333258984,11
1383622607612381106,0
1383714357269956997,5
1383774616812655995,5
1384019042784575382,0
1384165738810310471,11
1384248438248187292,12
1384347587648474668,11
1384366628141789073,3
1384371573732327290,11
1384754245732021988,1
1384840343521646045,3
1384841612331823486,11
1384894455237020494,11
1384915858781990915,11
1385052026490438579,7
1385114153133684387,0
1385141236740668075,11
1385148828386693454,11
1385201817588994662,0
1385499229642764731,4
1385597683064356340,6
1385610098154341797,11
1385612905693396058,0
1385623883564800996,15
1385683256778338270,11
1385750399685967180,1
1385968046904999949,11
1386224638591468322,11
1386231036782362027,0
1386312365198443318,7
1386320546279056784,11
1386346682611260559,15
1386406197930022860,11
1386410583824345351,11
1386418865799884849,0
1386467451474711515,11
1386482745428354496,3
1386544142247050707,11
1386562712011832133,0
1386646250199987835,11
1386929184032439180,11
1387187849325569526,1
1387200985663496474,1
1387213007538847208,7
1387232009022545922,11
1387246368465606765,3
1387247927651819085,11
1387333813792813252,12
1387361165321791539,8
1387361386375148187,5
1387609215848754934,11
1387732221615075797,8
1387770882942047658,7
1387783100087439054,6
1387787937641702803,7
1387872373149281462,11
1387957444187640112,9
1387994670141703533,5
1388013275778669492,7
1388337703119553041,0
1388426840095751683,11
1388443138795557495,11
1388479871324291236,11
1388487468860803828,11
1388497194144677347,11
1388516096701416554,11
1388569520862934630,15
1388601175749054815,1
1388606117904113534,9
1388646806061937971,15
1388664996102600851,1
1388700823903978416,11
1389095319278163877,15
1389214095763712895,0
1389226522600563494,7
1389259096947528503,1
1389275418249528001,1
1389342991634676205,6
1389349841667268422,0
1389420126851950351,6
1389481456662206855,1
1389559174478522677,11
1389708853246902820,0
1389878011041254249,11
1389952023068601774,3
1389956599747097448,3
1389959307112845880,3
1390009262738588951,13
1390089378996650233,5
1390275585571305777,11
1390293326959166064,5
1390456606935787443,7
1390479355979827191,11
1390491038255011366,9
1390507530418268140,0
1390551243456706950,14
1390563709042395104,14
1390609091881026200,11
1390657418478284509,7
1390697207360778183,11
1390706151970858818,11
1390736433094708853,11
1390751504623324316,12
1390797302600917283,0
1390817126431178198,3
1390833121757281367,7
1390854541922747538,11
1390858429671199505,0
1390906042993030193,3
1390989979836615058,11
1391295347054024842,0
1391348198522654126,1
1391375694818933728,5
1391480323816783119,1
1391480473005341134,1
1391612299405710922,11
1391623207621126849,11
1391650617490060238,11
1391711274316397320,1
1392047865740699506,15
1392113750439923157,11
1392115116054021203,11
1392157540645354287,11
1392255710861718747,15
1392258045611262832,11
1392359090226448646,11
1392408552439682277,12
1392705247136961575,11
1392739042582130859,11
1392745141867666556,1
1392803862865752312,2
1392824437913863084,11
1392827241195587113,11
1392841833887061707,12
1392922551808097842,11
1392950025169538383,11
1392972227080405453,4
1393093458253730701,11
1393106003948532065,11
1393111165037140468,11
1393473320855376255,1
1393477698414611098,1
1393514813524279949,11
1393670004536228544,11
1393744698993163551,3
1393925237832988556,12
1394198162440921531,11
1394199858393287398,11
1394202638256308620,11
1394203972997945853,11
1394206383668980019,11
1394212106360898884,0
1394222825709074256,4
1394256408100694281,11
1394427230210966929,5
1394455851262139946,0
1394460082418756884,11
1394500847502676511,1
1394571733803760486,11
1394868090349567839,7
1394895187448443160,11
1394964383840221302,11
1394978722792818650,11
1394998595587830071,11
1395003576029483249,11
1395026555158884126,11
1395084303514369824,0
1395104253277875063,11
1395200524321827032,5
1395226295328148822,14
1395288140893759383,12
1395431099782442142,12
1395519792360450518,11
1395741858562645283,3
1395775555380783306,7
1395781198708652809,11
1395843205723708013,12
1395916055542271427,12
1395931630164053617,3
1396010636491173492,11
1396338662499423933,11
1396362263377482518,11
1396374184564351202,12
1396376220011164622,7
1396387874894063719,10
1396390741844704339,11
1396395162109633869,1
1396498015140477990,14
1396550842633350878,11
1396600476613278796,11
1396661301914512352,6
1396675040808551395,3
1396865079906519566,15
1397052300649832286,11
1397069891402646726,3
1397107446359764369,14
1397119278801470092,14
1397123468109276998,11
1397125966928418160,11
1397153660350658903,11
1397224467100279532,5
1397341298083732918,1
1397819030276828820,9
1398041265652465708,11
1398508056659041642,5
1398577228921534100,11
1398623006789751186,11
1398697934900358677,11
1398796068424986456,3
1398865031346315272,11
1398894727507345914,11
1398996187148683195,7
1399083870679581071,14
1399269437284915763,5
1399288628822061773,4
1399363914706887916,11
1399364023215082819,0
1399425005710333005,11
1399455539357055025,3
1399504993047211110,11
1399530234415918508,3
1399563775376394041,11
1399567657706119580,12
1399656294515367347,3
1399689031257667069,3
1399712288116475147,3
1399744787920151238,3
1399866428274355660,3
1399950687761668652,11
1399969908893230367,11
1399990565983285254,10
1400008713938885560,11
1400012675544538311,9
1400083240579714868,9
1400106654887243339,12
1400123454394600682,11
1400146802159456419,11
1400146911283380446,11
1400232661486989357,14
1400240090893943000,11
1400279797470087991,11
1400295194322985923,7
1400299238602105887,10
1400390318160861624,9
1400390776323173704,3
1400438251411144977,3
1400514427776335534,3
1400528404523818123,3
1400546639123640399,3
1400567925275130070,3
1400690393431594185,11
1400725917060300202,1
1400765001387252909,0
1400804662298669813,14
1400885299475216843,7
1400919536707051117,0
1400923493403764606,3
1400933283148835609,11
1400991679108102721,11
1401065698160039405,5
1401085765075262255,12
1401089641387503908,3
1401121794471953777,0
1401232020042426829,12
1401238303688205653,0
1401257463281784498,5
1401278921391841451,5
1401314235498529118,5
1401400417775591240,11
1401474976402876689,11
1401543048069496172,5
1401661402237038324,11
1401686100021197301,11
1401736954515346473,11
1401778098348112578,3
1401956350088917515,7
1401982863987845010,9
1402137134815330501,1
1402171326324022064,14
1402253832964545493,11
1402276179755286665,11
1402283041003738224,11
1402303847605882315,11
1402344115069635744,4
1402356188359592833,11
1402403622986991670,7
1402484176302047344,14
1402549029309132260,6
1402563601049321385,12
1402598464566051121,7
1402617777742783976,7
1402738908934862242,6
1402798585065113944,3
1402812012010033436,1
1402885013649774278,12
1402908716368441308,12
1403249490410482725,11
1403264417272116634,12
1403521559763337315,11
1403523754543865796,11
1403525350850266138,11
1403580182433338274,5
1403610090060153979,11
1403627554536124683,11
1403632409973217913,7
1403684486129459681,15
1403736492436412004,0
1404011586603498066,7
1404100804424153111,15
1404129578018226021,15
1404154292266348941,15
1404190684575016567,15
1404313458575552745,11
1404337019047003393,5
1404403283173961475,12
1404415232487499115,11
1404441271643636103,0
1404524858051943975,0
1404559119963536367,0
1404595134896399740,15
1404600801024581143,11
1404608146170490065,15
1404658321554448129,9
1404704943593437256,11
1404788030683716996,3
1404862184340714405,7
1405075843408986835,5
1405079961454756734,15
1405091386096538446,15
1405135569268482580,0
1405144737752268818,11
1405175785163286716,0
1405201756417338620,13
1405243726360330760,11
1405265542083194521,11
1405364348672215371,11
1405365114652896577,12
1405408346932873555,14
1405445817940802532,10
1405480919738780667,7
1405591109040120693,3
1405613001951001280,3
1405769452404078585,1
1405786139778144227,11
1405947714894222582,10
1405962640105188678,11
1405979103375347937,3
1406055165174875481,9
1406085981927845646,0
1406111625684704205,11
1406163633280993116,14
1406193300318325138,11
1406447724009040237,7
1406479038987473122,7
1406494188483790368,11
1406588212351238536,11
1406633561059735707,1
1406669609500825911,11
1406712338373639484,11
1406721646403164722,10
1406823462422712924,14
1407182999420429514,1
1407247371166264463,3
1407251113962683453,7
1407282908530779739,7
1407322559518800675,11
1407324289635466907,7
1407336652765431134,7
1407364487941831922,7
1407401422297249203,3
1407430962096703701,12
1407451150611124916,10
1407620376752783521,3
1408084066010118709,0
1408087154826049325,11
1408095096275122147,13
1408197893402624863,3
1408676712925084513,11
1408900755371313148,11
1408964034282580630,0
1409372025412235614,11
1409430237047801921,9
1409475102145685843,7
1409613452350437547,0
1409621232288036739,3
1409622744990415701,3
1409675457662009769,11
1409684829607139154,7
1409693432349831976,7
1409960551215373833,3
1409979684120461535,3
1410164284806752520,11
1410355426126470697,1
1410369996725684818,3
1410429374462843688,0
1410438114694627986,3
1410438926267897751,0
1410451902216690151,1
1410459647195041098,1
1410463637245140173,11
1410465876160380467,1
1410474238848119242,11
1410531051913028873,11
1410662421691883606,3
1410796541203482128,1
1410828396279990301,3
1410842618716132196,5
1410893672201610934,11
1410898070910754712,7
1410918599227107004,11
1410947617190299866,5
1411059648048515746,11
1411115320654828712,3
1411174197232181928,12
1411228993582905096,14
1411232863685380886,1
1411233878031660287,11
1411273917189384312,0
1411545320094336950,0
1411560555047284945,7
1411642313206500324,11
1411734332665058110,11
1411734512018410934,15
1411737718461306131,11
1411790449454930939,1
1411812070759539631,11
1411812777182347639,3
1411841867334288911,11
1411884688849228130,2
1411914113926020429,1
1411979300487847760,10
1411979817786267913,10
1412030054969878016,10
1412231529031390227,11
1412291096378508301,11
1412376100698749979,0
1412453401717351991,11
1412483923278805821,3
1412525247530522680,1
1412575691562366662,0
1412606064992523061,11
1412661337441394754,11
1412744356583694205,11
1412890166892197763,0
1412951009581961683,14
1413014095385753839,5
1413099063017774809,11
1413187060903488318,12
1413199093710524122,0
1413213991631940777,0
1413215420880866705,11
1413273044760981798,11
1413321002948543849,11
1413691270764405597,7
1413706549126938708,11
1413764753465113057,11
1413876616651806444,11
1413969220326705709,11
1413970616968011354,1
1414077353560653628,11
1414092711644984633,12
1414115867114308802,11
1414479770756575286,3
1414479926710523105,5
1414481760140138633,3
1414490280068865816,11
1414502099738971479,11
1414528007582513895,11
1414572562298076115,1
1414629214923723086,14
1414774855426252139,12
1414782603769617476,11
1414840516288370338,11
1414843182790155341,1
1414853449279307707,4
1414872277966719005,12
1415110301193640774,11
1415113390492663147,3
1415200104028432071,1
1415241192175127331,3
1415268315290761614,11
1415278072343524424,11
1415313810597291657,12
1415328250847672807,14
1415328413868670974,11
1415463924825964953,11
1415500993863976076,11
1415511862192512469,9
1415525165088771835,9
1415577264087208928,11
1415609261647527560,1
1415680109427034082,12
1415761852010323786,0
1415794124279125954,7
1415879518931658185,11
1415917695027984356,9
1415920117712936182,3
1416022457143889937,1
1416063270222641510,1
1416093208476314515,3
1416096517325218620,1
1416154365843389937,11
1416204404444237637,9
1416210770931857033,14
1416245932054192466,3
1416263779022878070,14
1416301421317265351,2
1416361775959889751,11
1416640646597192526,0
1416653444600297453,11
1416683318913539708,2
1416684121109129262,11
1416696241477638144,11
1416741663075507332,15
1416751629470707188,7
1416792009850437585,1
1416793794742837203,10
1416833210260820147,5
1416841321236462783,3
1416852833480339261,1
1416985086357843623,1
1417398460823051730,3
1417410645986844202,14
1417413789449638188,7
1417417002417137283,3
1417433124106981510,3
1417502545380226877,11
1417510095558327910,11
1417513062352378795,11
1417517587715066868,11
1417519632461657546,11
1417547909345929361,2
1417559995005708640,0
1417612931660001785,11
1417627660710817634,7
1417686695725063103,12
1418056718719021128,11
1418219593434753236,11
1418238229786241445,0
1418330183009800194,12
1418440963879071988,11
1418860316849486097,12
1418977577563536005,1
1418989883272410423,1
1418994854424139135,1
1419029185798528693,11
1419041523131967743,11
1419057060896450332,5
1419114913879243422,11
1419227237197026761,14
1419273105407835591,0
1419464367543238336,7
1419539855507546008,15
1419549655012189661,11
1419619548346597681,1
1419631164503258935,0
1419667977193245280,15
1419683205383685113,15
1419706208951385236,11
1419765603167269118,15
1419829387750629322,11
1419874717144742751,10
1419916003589617838,10
1419989480988060871,12
1420139747837333065,11
1420186723872942006,9
1420196286398832549,7
1420293980671152659,9
1420303502142993778,1
1420467108566603369,5
1420510143179024149,11
1420525046521529550,11
1420542750514285784,14
1420556126593860558,14
1420566132820475548,14
1420566223065070042,14
1420608615429400106,0
1420644255923734482,0
1420917063185873651,7
1421107937833157654,11
1421112868894722922,11
1421120100231253820,0
1421202952864801834,11
1421253816148140112,11
1421301793401590197,7
1421404170367976792,1
1421514606899815965,15
1421660847700366884,11
1421742602159506227,2
1421747860062306522,11
1421788270492744113,15
1421864704102481847,11
1421882096275694859,11
1421956108535045288,1
1421964919199227237,0
1421984134707030074,0
1422092705758661250,1
1422325382619227917,12
1422572707486419220,5
1422574371358193759,0
1422613736806638830,3
1422633752995672466,14
1422647946260485612,15
1422762862375091176,3
1422827920125013690,11
1422891071461840734,11
1423145519352833666,11
1423212691269766899,15
1423355110985721732,11
1423454743281370038,15
1423456913796526530,11
1423461039235596525,11
1423492801912528773,15
1424070177723096732,14
1424108359989824264,11
1424113103057776529,0
1424147013931534774,0
1424162707272980917,11
1424223042563234648,14
1424247502403318488,11
1424270691608381200,0
1424312529409035103,11
1424535451183240753,7
1424545181925218872,7
1424557961136708465,7
1424599146674605500,15
1424620095013472416,11
1424649169668215289,15
1424664739645894631,12
1424753872730560924,12
1424969262327334345,3
1425054325343636625,9
1425324634762722322,12
1425488508514879098,11
1425559290660659688,11
1425690100558850499,11
1425764029586411071,11
1425993519151036889,11
1426005478412619120,12
1426041059525187508,1
1426079509110851941,12
1426115176097181208,3
1426130974707695366,3
1426240859000318797,15
1426429962528993591,0
1426510627296442821,0
1426761176758734983,1
1426762139341728044,3
1426762851959776259,12
1426765410574726585,7
1426785680126161232,1
1426813260792229304,11
1426869539979220976,7
1426941450494494136,11
1426966906374898756,11
1427022757619221646,14
1427023945244126931,11
1427044850775170737,11
1427064280257534009,11
1427135081060536739,5
1427155861358628501,11
1427161300971277392,11
1427483813172124447,6
1427615838556270311,12
1427630044854557341,12
1427638675317394846,11
1427661752979726079,11
1427739006355722363,11
1427743982620454806,11
1427748104524162524,14
1427834182006803420,11
1427844771526587374,15
1427912358433772267,14
1427915132872136593,14
1427942574036316618,11
1427981440211815407,11
1428313892922028229,14
1428354528874119517,15
1428378029388746817,3
1428398564424612514,11
1428424391547687054,11
1428428723349283616,14
1428436529318509922,15
1428503131088548063,11
1428523982656451637,0
1428633910482420600,3
1428882528891407213,13
1428957716449636901,11
1428970327775174338,7
1429111874468136414,11
1429216347334054669,1
1429231797015082721,11
1429277086693289966,7
1429287033451897816,11
1429301813181466627,1
1429302556263827709,1
1429341809949657346,7
1429365622911917929,11
1429372559163436237,11
1429763002255669424,11
1429767151801466069,3
1429772420518627627,0
1429860142226951223,0
1429943476889783925,11
1430007825295824175,9
1430027147104652045,12
1430176548361129839,1
1430424143641633569,15
1430494960178711919,14
1430528547563925025,12
1430545166821422559,5
1430558579974269035,11
1430561986508984167,7
1430572932573545307,3
1430615617796145609,11
1430641699478072355,11
1430650206369280869,11
1430659703924932306,11
1430679219028501275,11
1430722967543786193,11
1430791911295178262,11
1430799197909598223,5
1430936541091360644,7
1431066448552481937,5
1431070569863091808,7
1431161407157755374,11
1431232727276042330,11
1431245448252584151,2
1431253559281089323,15
1431254703597887618,11
1431325239061721627,11
1431346137732405616,15
1431408940964678590,11
1431434901935403112,6
1431446890122393708,13
1431499618440505547,15
1431675526218490632,11
1431745936052457638,11
1431826695060146849,11
1431981375983322787,11
1432006744717572363,11
1432123917463193774,11
1432190130618316782,11
1432191361905054035,11
1432222340814260712,11
1432500576700460018,7
1432535702205252863,3
1432565170627550402,7
1432579198562585052,11
1432588591444586350,11
1432590488590370016,14
1432601083643251510,4
1432606704185690181,11
1432610335814601703,11
1432611148756969105,15
1432674588202013792,5
1432729124114647626,14
1433480952799405883,14
1433584329558381591,13
1433586550055940926,15
1433638957533128433,11
1433662253465754161,12
1433678417166928565,11
1433735393616328683,6
1434016855967948376,11
1434032577303175619,5
1434053601520546995,12
1434068400349751310,15
1434085287110651494,2
1434132719570306100,5
1434228975837150472,11
1434229331821061433,5
1434242388545050914,7
1434247040184328662,11
1434262706441459075,11
1434274138173633847,11
1434304072337304401,4
1434308165660969356,14
1434428432807722439,11
1434737322593259629,11
1434743503908443292,14
1434749256958486947,15
1434754620182733318,12
1434755001590248694,5
1434755533901202573,3
1434755608316338641,3
1434755688952576092,12
1434807957328198192,11
1434811098245089642,11
1434882776606772328,11
1434914819430237020,0
1434917318437777002,2
1435029259245089535,12
1435042710186275040,0
1435060663205664066,3
1435077452532515464,7
1435081843072059213,11
1435087661547572593,9
1435114868017870574,3
1435174139644362276,15
1435190484719567526,11
1435376202958536792,12
1435439411940587810,12
1435493957561497868,3
1435541739067855256,11
1435551150406138052,0
1435551978807689646,11
1435562162384443222,9
1435642794396609392,11
1435643261664340899,5
1435646185880000610,12
1435646706800047851,12
1435648086428377008,12
1435648616002206006,12
1435649703149197564,12
1435650264410123640,12
1435734883341122235,11
1435876800583113509,3
1435904327222120785,12
1436059074049321933,1
1436188200731848043,11
1436209082658571031,15
1436256521782228926,9
1436275059472484746,7
1436288729348704742,11
1436290161942551585,7
1436301534255761279,7
1436311127451119304,12
1436376811356429559,11
1436386436945145565,15
1436391720971567906,9
1436431874420764600,11
1436510441476567267,0
1436613385226916161,0
1436787991175430880,11
1436834853253923316,14
1436866737224501857,15
1436915094259543683,15
1436915733258925026,11
1436947786793191531,11
1436952562247457141,3
1436981923574840776,11
1437039405496959589,11
1437052558440281052,11
1437056685343482910,11
1437064008292486441,0
1437140701094973815,11
1437148799785110810,11
1437198535097710739,12
1437208049032999136,1
1437228098738979701,11
1437231945170278984,10
1437243068057112913,7
1437286796420242499,11
1437303926595183538,11
1437341023609318622,7
1437577818227377842,5
1437725637577013759,3
1437745440250764716,2
1437827961175785135,12
1437874330484333212,3
1437907820274221750,1
1437985734478584139,11
1437987144805486791,5
1438062525286001731,12
1438072782144656464,12
1438089581244803903,14
1438248210008155079,14
1438383663812782196,11
1438400137896725080,12
1438419154732316859,12
1438424839569585030,11
1438432287056091957,0
1438496792770880526,9
1438580439938553509,5
1438600435050732782,12
1438609768812269663,12
1438616105732476884,3
1438639923064319089,13
1438661116648831230,11
1438680717138318645,11
1438812695787756599,15
1438882628180085263,1
1438882796592389488,7
1439092830894506210,10
1439175280584689112,11
1439177729152336101,14
1439232876359508150,11
1439251418103176744,13
1439261065252632172,0
1439347842544550475,1
1439411365183473700,13
1439438308571930537,11
1439479571731392381,11
1439537447222256065,1
1439767502231415394,12
1439769004540142635,11
1439829167810829961,0
1439829172908615613,11
1439879511378553616,11
1439910205183740015,11
1439913282147143920,3
1439928528057154853,7
1439930765049871323,11
1439964507766319899,15
1439999753098535753,3
1440100898751486006,11
1440148035985923189,11
1440164142078908271,11
1440174454681106601,5
1440191231365399923,11
1440199803368419175,7
1440209527474977690,6
1440613000736565694,11
1440667916384765014,11
1440680002460140277,0
1440711218969817486,11
1440719196848108629,12
1440743175057361934,12
1440786039962124709,11
1440828572664416189,9
1440925411107242499,11
1440970361510495076,11
1441101141390473757,3
1441257616620239345,11
1441274706616225289,7
1441275306438133804,11
1441300624127077925,14
1441322641759854981,0
1441341472642141247,1
1441374390269387717,11
1441422406795523398,12
1441448334681409381,11
1441686070789600728,11
1442137092226325541,7
1442188477741956961,15
1442281960059551231,11
1442303357604754854,12
1442325289860616802,9
1442338997665684111,3
1442471872670988573,15
1442650102852127190,11
1442718317031612563,11
1442725313542477124,7
1442812808986929441,5
1442881730060350693,7
1442891352798662723,9
1442932107140336909,5
1442937177550729411,0
1442946971288455221,0
1442949462066434857,11
1442980887071601678,11
1443020215867583428,0
1443103542765497191,11
1443160631252370680,11
1443412763207111887,11
1443446572439694958,0
1443570347376812470,11
1443570688375493777,11
1443572561124209876,11
1443589116654836392,11
1443596952755619326,2
1443637836490161329,0
1443655668149272305,11
1443705761433619337,11
1443766441719844863,15
1443851121042698457,1
1443859719648566357,11
1444192632329839653,11
1444317528374129172,1
1444355328197204633,11
1444465679286678929,11
1444471819753349406,15
1444867728193418130,15
1444936588670747653,0
1444945672491745081,15
1444957226769497226,3
1444995118217974515,0
1445008783452825651,12
1445018508962823745,3
1445038267968237243,11
1445042282200621417,11
1445052616295308061,0
1445093819410012502,12
1445126772290133502,3
1445134932306943755,12
1445144129774942171,11
1445149919871876020,15
1445151633144135824,11
1445165896965946625,4
1445171719004688200,11
1445186728928221411,9
1445188680842817403,15
1445205512956385882,10
1445213459566220756,11
1445225748329082326,11
1445309164367469271,12
1445328512721297753,11
1445609859395752467,11
1445640956229921596,0
1445680189872820705,0
1445687809420448354,15
1445709200525317151,3
1445733044872591792,3
1445750919199225351,15
1445765966234578318,12
1445820127120399291,3
1445825840518341426,11
1445924662552843834,1
1445942162888088489,11
1445960662951673101,6
1445973413721768337,2
1446018537587247215,11
1446072867454303010,0
1446090892809671242,3
1446133002386526746,15
1446376004832047353,11
1446423539347005161,11
1446451307803751062,12
1446506862022731384,11
1446521374718215797,11
1446536591125579135,11
1446541197920946947,11
1446551646082144067,11
1446562366340803371,11
1446573538082598342,12
1446618025137722886,12
1446647881746141259,11
1446667306193475714,9
1446716550117903444,14
1446726050549235107,0
1446750106451324603,11
1446755538013781386,11
1447121306150330953,15
1447142821623695982,9
1447173589529944664,7
1447178136285025050,3
1447216549082769070,3
1447224181440423720,14
1447237049132202415,7
1447255941766088360,11
1447288909949225240,7
1447313696610307696,11
1447319665568464941,11
1447324890712755825,11
1447337308706482003,11
1447346384523637222,11
1447402008103841275,9
1447404028463392470,11
1447404322134834794,0
1447440658830034017,0
1447454835270132986,12
1447496204165818079,7
1447500001046269983,11
1447503009728798118,3
1447507235459540132,6
1447519638796141155,9
1447526566734895237,7
1447531718769374176,11
1447675583523751608,5
1447758615160469957,11
1447810219225521302,11
1447877086886620787,15
1447895978592017887,15
1447906181246611484,11
1447909300090415185,15
1447936498691103117,1
1447942343728336140,11
1447957132426788122,15
1447961135746006689,11
1447967301073856214,1
1447990858399584027,11
1448039464900436516,12
1448065080466424132,7
1448079150446542484,11
1448085864792830477,12
1448154617645541398,15
1448165484867602836,11
1448185089102080494,11
1448198382585265412,0
1448499512920667819,0
1448557976001100325,11
1448603816145879053,11
1448625487063778352,11
1448687125595670305,0
1448716951205878858,6
1448723015203188966,0
1448724931579890810,11
1448965602758272700,0
1448970366160892598,0
1448973105347244681,0
1448982223671898181,0
1449072449408556255,13
1449219779536769246,11
1449221793646031926,1
1449313679031341631,2
1449319771555407700,0
1449383752129261860,0
1449422744377176441,11
1449454130683096112,11
1449462476187854438,3
1449527734058500178,11
1449535827802259718,12
1449601224925736093,11
1449627893364851183,9
1449705095416361222,12
1449731174301059894,11
1449901436011952848,0
1449996122973954213,3
1450031756851923973,11
1450142086482567916,11
1450149295095142014,11
1450166765760147833,7
1450239126687776784,3
1450335241360934707,11
1450341936082411770,11
1450721194371488062,11
1450788292896498449,3
1450802638324746471,0
1450804751706036585,0
1450846486775659232,11
1450866938036652391,14
1450871263613456034,11
1450957620691518609,3
1451015270528934229,11
1451037856744742869,5
1451051330924810034,0
1451098299794762433,1
1451199822564268712,0
1451443616109588369,5
1451471301284991058,0
1451541874343179703,11
1451565116831370566,11
1451673317840479206,12
1451693230875118969,11
1451745376381158879,11
1451776503411451746,11
1451814442506213392,12
1451819170914395326,0
1451954894263932067,11
1452114859627765015,1
1452155227691134116,11
1452174680820509788,12
1452251631849123921,7
1452262339014098370,7
1452275754273682995,3
1452295504150381394,11
1452314263556840423,0
1452327605084917345,9
1452338267970302841,0
1452394960917823971,5
1452561259036172792,11
1452824818397946812,11
1452900048234604931,11
1452972800317866486,12
1453046343640703411,12
1453062872589541889,0
1453063784036508636,0
1453064251580143047,0
1453064790452411471,0
1453075237679139250,11
1453093521660953111,1
1453154450533485058,3
1453191601465421433,10
1453344666530758044,12
1453604124144246821,11
1453610608860035769,14
1453610741223791239,1
1453653141022381023,0
1453668200351917956,11
1453681827548277689,11
1453684267643306267,0
1453716368450180539,11
1453739103625679128,1
1453757739786115856,11
1453798318007320972,5
1453810601673905148,11
1453836360505103925,12
1453894128483166096,0
1453914326843521965,11
1453924586631167191,5
1453970126854064245,3
1453972022876294881,1
1453977994260259229,1
1454057376621352487,5
1454270530887850587,11
1454327685794568590,11
1454329014068611646,11
1454334917760819227,11
1454337626834266093,15
1454341284290047537,15
1454412154860420973,11
1454433452164354406,11
1454510407838497048,11
1454526027681387683,1
1454579152402711723,0
1454691587811552686,14
1454716885081678112,15
1454728975908501682,11
1454745420835744670,0
1455095584625316954,11
1455117062942434115,11
1455171155349953988,12
1455173802857069085,11
1455214340907548774,11
1455240743095630530,0
1455329441723576938,11
1455333052627515913,6
1455347402788537294,12
1455384824983749534,5
1455389419089952709,11
1455478875149504773,15
1455533847799237566,15
1455549143522347670,15
1455585759117611298,15
1455757816509519765,0
1455762018601035204,13
1455792633637125320,11
1455836290107947593,11
1455838731216346220,15
1455851055489821386,11
1455864656179157452,11
1455865388031186140,0
1455872157470621734,0
1455946308769168786,1
1455958110225228921,12
1456004153116547881,3
1456038686087938094,14
1456156834790375719,14
1456161634231219718,12
1456181774183818382,10
1456413600758612722,14
1456439638058516876,15
1456519727182642978,0
1456528183171876614,0
1456535844947044055,3
1456553761398437259,5
1456604164019697178,11
1456622811157294736,15
1456660709573198326,12
1456666223442236431,0
1456677092514985683,11
1456686407413223592,11
1456702572048626868,11
1456761451692842253,11
1456781150694420169,11
1456925640557433902,11
1456963894453246067,1
1456970200286591130,9
1457007256237039105,11
1457036914711287692,11
1457154443963686609,14
1457187029818124009,11
1457238414238966114,11
1457261059502239843,11
1457296289782137185,11
1457306178526865277,4
1457317613726097767,1
1457406549049734424,0
1457414201644166279,11
1457417198018066639,11
1457418558960057557,11
1457476853256699072,15
1457477087369714404,11
1457515698829784890,15
1457529654226395472,11
1457533295403181751,0
1457547391277269601,11
1457553862693095830,0
1457562316640736476,1
1457570770721473922,6
1457585741458876294,11
1457592768081503819,11
1457594949369505565,7
1457595079684120599,11
1457599881474272553,7
1457618718582025195,7
1457687484367416767,15
1457862027203207054,11
1457980087413056649,3
1458039398993611853,13
1458040901845089715,11
1458150537866918904,7
1458171414137642600,11
1458181276952573059,11
1458226472926835095,12
1458348886499138855,12
1458660833205313307,0
1458716253387815855,15
1458725028842188057,11
1458756946724779245,1
1458795837050549413,15
1458858021372850390,15
1458867232377270992,11
1458868451222645865,11
1458894971422363798,11
1458909258225505286,3
1458909548696337257,3
1458932874442561000,6
1458945488071706786,12
1458964836740759746,12
1458990742314365452,11
1459094208936561406,11
1459208665121795882,11
1459443536071782481,9
1459567169187446246,4
1459569781943898709,11
1459582000870546367,11
1459599476266839180,11
1459687565627416931,3
1459736090153539177,7
1459790074239120711,1
1459797052390921140,1
1459803836594726899,1
1460132719182714871,3
1460144688316918805,11
1460147074824724723,7
1460168828303562537,14
1460181850729586960,11
1460183212240982385,11
1460222460503280883,5
1460230144087615743,11
1460246284527063652,3
1460273642736067405,9
1460278781856928783,9
1460310777205808918,9
1460331039451456571,11
1460390393920340352,12
1460483115137535789,11
1460574636140249645,11
1460593010304735073,11
1460859077589584330,11
1460913158362701701,14
1460924119344536435,12
1460933456948394601,11
1460935518368563040,12
1460947963425960927,11
1460975804284458206,0
1461044599485916034,7
1461045387458560836,7
1461227520629875989,11
1461230207579290847,0
1461245781882713687,0
1461596386323809417,3
1461623225230565040,3
1461645310157611146,11
1461671177829811689,0
1461683122594578712,0
1461692626118113911,11
1461709719259828010,3
1461719253579365797,0
1461720717889608426,3
1461723226114260744,6
1461756639395701171,1
1461795604882262074,11
1461890038481164761,0
1461895579556009597,12
1461919294716368078,15
1461924398982137432,0
1461927125250671900,11
1461927625093430678,15
1461931419927762519,0
1461943042379151683,11
1461955906082681231,11
1461962146661319808,11
1462285550199090431,3
1462357281810922776,3
1462393934692742773,0
1462551154176023548,14
1462557234853377055,3
1462575125052447766,0
1462575599284568420,0
1462576060733225254,0
1462576617126631895,0
1462754103572937983,10
1462898918247228611,11
1462956547911795632,11
1463145860114715988,6
1463157458114974243,11
1463200769809109810,11
1463208496581460951,15
1463226541847293675,5
1463236782716263522,12
1463281972608661835,5
1463309645994916441,11
1463333943504066720,6
1463336703167156510,0
1463392930985003007,11
1463423534947376187,11
1463428644522370524,11
1463444398056012842,11
1463761797897624432,3
1463810601966982859,11
1463858825832012572,3
1463875288466930393,9
1463942319579743522,15
1463951907802773677,0
1463978070673698909,12
1464013833150744043,12
1464141436965083895,15
1464208311218305180,11
1464209892288194477,1
1464300337033019327,11
1464342021303097920,11
1464552608513460780,11
1464566957203757979,11
1464591149204868930,12
1464605041613465305,4
1464715389637243322,4
1464749797870925405,1
1464849848294226662,11
1464926617127044650,11
1464941049927957868,11
1465000027006414129,7
1465174428308409399,11
1465178125197786830,1
1465232925767713367,0
1465250880505168545,11
1465291507838616679,7
1465302062852452578,12
1465311011214667564,12
1465330555954635687,7
1465364867512267745,12
1465420841652923189,7
1465435324898272583,7
1465518137511338239,11
1465519883181769842,3
1465537469861940731,7
1465596205717033309,3
1465807962313964314,11
1465844235963575950,11
1465958219791815120,11
1465971300703578150,3
1465975063327825159,3
1465978606443229338,3
1465990258045347872,11
1466017651280177277,11
1466025656432586142,11
1466061017488516233,11
1466063167031513367,6
1466072138494477432,11
1466074233212325183,11
1466145090780333794,3
1466176323092342937,11
1466272504181427355,6
1466286433832666118,15
1466303961805449660,1
1466368590698664583,11
1466574096169560170,11
1466602647328230094,7
1466638073556736067,15
1466667717807692826,11
1466683919655540687,14
1466807656714523585,1
1466868708955355645,7
1466887282280163581,13
1466982543906897743,3
1467057779054737245,6
1467062721079452795,7
1467087203805136681,11
1467373632844741863,3
1467386371522853324,11
1467398288058816072,7
1467401294572098294,11
1467416217180293115,11
1467449557696997825,3
1467458205524892770,3
1467464559496998347,11
1467469147411628508,11
1467487640668702821,7
1467494983783867505,11
1467495288333032074,11
1467504917230753889,7
1467515109961670147,3
1467549603247396026,12
1467583860785080959,12
1467674415074607041,14
1467713556921910659,11
1467728727126276892,11
1467754418297330757,14
1467761742244906646,11
1467793492124380930,0
1467796948492710855,0
1467818461539557433,14
1467833270979924004,11
1467971330056865551,7
1467997179220075981,7
1468044112976569863,5
1468112451199300249,7
1468172482770056719,3
1468219529519748797,11
1468242817014315734,11
1468243055239105140,11
1468270578608041180,11
1468309594164158776,11
1468359601757089462,11
1468365762816923887,0
1468402672631177199,12
1468421290242701171,9
1468516983174565109,11
1468725648151363151,6
1468731713026762394,3
1468800321847614163,11
1468836757483969921,11
1468935540114595188,7
1469006557888160109,11
1469014032334528310,15
1469025571691510329,7
1469060742564763363,11
1469155306277924475,0
1469185784790447559,15
1469595898101688839,11
1469620540160866474,11
1469640931171407276,11
1469653519754141523,11
1469689499278514542,11
1469808360977327869,11
1469859400421000102,0
1469897658802303227,13
1470170976379557501,11
1470200516629405162,0
1470280874716881219,6
1470286137715950556,7
1470295108051392248,1
1470317627018999484,1
1470354123188239736,11
1470360733023936926,11
1470546416019506323,11
1470565542679903078,11
1470618959602351415,0
1470652333494961316,0
1470656908236567829,11
1470685097131596543,11
1470885778225471649,11
1470959818834297671,9
1470964529085325903,11
1471035155054134427,11
1471037894483630886,11
1471039802849078308,11
1471084437734384449,11
1471134485550575738,3
1471194335981417333,11
1471202953572645329,4
1471234887909694757,1
1471277835298787859,15
1471301400686760983,0
1471331191139274307,11
1471357580898973690,0
1471373162227240275,11
1471422400093150573,11
1471457050844638829,0
1471498081967397715,7
1471719963952378711,0
1471722008085654468,11
1471812460991490165,12
1471812862672129937,12
1471821236635755600,4
1471836912281513598,11
1471854476731234180,1
1471871570877461832,15
1471880767188014644,0
1471886700714144959,9
1471892378968080467,3
1471894783281121720,0
1471941738240426956,5
1471985623179264024,14
1472026241429315298,0
1472037153523685253,11
1472044252470977749,11
1472104288355966932,11
1472128618214490997,11
1472201989270152364,0
1472428351198670045,11
1472505766185578708,3
1472566268391335196,11
1472604211362680983,9
1472624693937718739,0
1472625876520276859,12
1472643656647282499,11
1472649057428631086,9
1472652270420055018,11
1472689172850994738,12
1472711155015510786,11
1472713090362984430,11
1472750749353215814,11
1472772952589518680,1
1472821686057621491,11
1473076450733835033,7
1473156777269993940,0
1473161694375974826,11
1473180264271558710,12
1473182085045487300,3
1473213327547872540,12
1473216975421396731,12
1473262759581480807,12
1473271525296055063,12
1473273130740627337,12
1473276240063155450,12
1473277623901694303,12
1473279197470472405,12
1473285167750916100,12
1473286586816542880,12
1473308171205327455,11
1473361511672242274,12
1473396615929357684,11
1473404125849655669,11
1473422027789640190,0
1473435698130176551,1
1473452459822886764,15
1473466434303883004,12
1473491427102839629,1
1473495630597998240,1
1473563358973713419,11
1473572572450247426,0
1473880838052983412,12
1473905860780310133,1
1473924449596836730,4
1473924601533930710,11
1473965223454646574,11
1473972403323482469,11
1474001705251162726,15
1474029732546663181,14
1474037800053302751,13
1474046415998072157,11
1474051369705642690,11
1474100950290895981,0
1474112640878386251,11
1474281203619657075,7
1474609768549986487,11
1474622347951664774,15
1474703857552401587,3
1474752507421510280,11
1474786912679586252,11
1474790762503242019,0
1474833291038771247,12
1474905039109957501,15
1474918769690680466,11
1474976292980350547,0
1475020714449822798,11
1475028370661554041,11
1475037066898837977,14
1475053879530873172,11
1475071088655943749,5
1475146176614480986,11
1475151682581213699,11
1475222133776605893,5
1475273259885230606,1
1475348455590246302,11
1475379622879880861,11
1475425511173056605,11
1475454746072507348,7
1475469575395145174,11
1475532203969406013,10
1475572644551009540,11
1475640909952711254,11
1475671768402244374,11
1475678274058562237,11
1475714995046816639,7
1475730572944118558,11
1475742489367021943,14
1475754659466523904,11
1475790492707889554,0
1475863167403257586,0
1476009920398391940,11
1476072760246038678,11
1476085866778151112,1
1476137602675771539,1
1476155331407253595,10
1476176855973993402,11
1476189361946291296,4
1476219156799097676,11
1476315620365489170,10
1476422639203948029,0
1476446148182041274,3
1476529255275154944,1
1476530607419958711,11
1476557729994826615,1
1476558817644789502,1
1476600990895125758,12
1476784853278566622,7
1476862380789458999,9
1476883868533959628,11
1476900289370679327,11
1476944984052928734,0
1476945936481115013,12
1477029186088212825,11
1477033856643564694,7
1477072007273312320,9
1477073348275514300,11
1477074386759724783,7
1477078757606141895,6
1477081420887139720,11
1477119509418893817,11
1477148847183325131,11
1477188157760393015,7
1477193565866800641,11
1477277402223043001,11
1477569522767553753,11
1477594521356698931,11
1477610182649296039,11
1477637030513790453,11
1477646565380232260,0
1477662691803497163,11
1477672592984488837,11
1477679764674613472,0
1477691999174330931,6
1477780791601922294,11
1477783666252396817,0
1477833847491756774,11
1477856798173694872,11
1477862807938544760,15
1477892865839934690,11
1477921173443279126,11
1477987019027475497,12
1478117964144104987,11
1478125927303426846,15
1478197759875593514,11
1478259466292476211,6
1478315527208571834,11
1478322216793704259,3
1478327367534266392,7
1478330441173053311,0
1478360358068905035,12
1478431976676516556,15
1478446566209976743,5
1478765354971007981,14
1478878177668192574,11
1478892186112053403,12
1479064283083861760,11
1479119119690405184,11
1479201389865796398,11
1479244385941344579,1
1479247388506299506,10
1479304112142568432,0
1479308601314672123,3
1479313464973788907,11
1479366236029237158,11
1479385476320719373,15
1479428264491725971,14
1479728759397800562,12
1479765811054647234,11
1479786907698797192,3
1479838050206037137,11
1479876984316114101,1
1479893382031679735,7
1479999988832523798,11
1480065402207546240,11
1480081144083219522,11
1480086772115000732,9
1480125026337266543,11
1480467862336867584,0
1480565988404070140,3
1480624630699501098,7
1480723027739541490,7
1480734788117488160,11
1480766332406466778,15
1480884200959268109,11
1480916447029510302,14
1481210557505968643,15
1481212794210057830,11
1481230123722522848,11
1481245584902965160,3
1481259392025388101,12
1481309091977350471,11
1481310634617218413,11
1481310774721469161,11
1481312963393974697,11
1481320012201117087,11
1481332427289022633,11
1481418496126938857,11
1481435669838240570,12
1481492768391260600,12
1481532507271931100,3
1481569743426489579,11
1481657744189604754,15
1481805440161377600,11
1481831189767192796,12
1481886877841825946,9
1481930861352969132,11
1481947859637910493,12
1481969524552719642,14
1481978029360923254,14
1482022168377262920,11
1482022264342674790,11
1482191134416446672,11
1482212362298960435,7
1482223064165000148,11
1482237608905084471,11
1482253783210097142,11
1482259211866959635,0
1482329672536139561,7
1482565929276189403,7
1482615174127412016,11
1482616516843006834,11
1482620850947912195,11
1482657959690666660,3
1482660947282135887,12
1482676200681227307,7
1482691785030431540,15
1482710638013583021,11
1482712718874791739,11
1482717241769817949,7
1482795989201365621,11
1482812251312429260,7
1482842746171715101,14
1482871159930351491,9
1482890083278879552,11
1482981019886917747,7
1482995520806265737,1
1483002160408963099,1
1483005618636321320,7
1483338904198847616,11
1483339028124100697,11
1483383242611380318,1
1483471201203529184,15
1483484236762780719,1
1483530171350896831,11
1483555141949286581,9
1483613991373525106,3
1483634180706804340,7
1483658879467146150,6
1483666017185558418,0
1483899840870928444,12
1483911924527289227,12
1483914231912863634,12
1484034088612707892,15
1484054293768759713,11
1484089597377981201,11
1484094770237679648,0
1484103974309695867,11
1484122906417509774,11
1484150153125200230,1
1484162190893437469,11
1484167563307906539,11
1484183378692706177,1
1484186057232170458,11
1484191718534188293,1
1484193446297449759,1
1484194679592047669,1
1484195892244002857,1
1484197077076326839,1
1484287790170935945,0
1484333391800270637,0
1484356638875993827,0
1484588601050681341,4
1484755587052692060,11
1484817421777219288,14
1484819718593997067,11
1484837571092131247,14
1484882413464934658,3
1484905877226646799,14
1484919434734555652,11
1484950784183629372,11
1484971610867118846,11
1484991466058800186,11
1485109747520459927,11
1485123193125272020,11
1485132901895593879,11
1485135537400538612,11
1485137139959756824,11
1485151760894220654,11
1485167978038726726,11
1485423609205244372,12
1485434362010180990,11
1485501726442743789,11
1485505335044700265,10
1485506165950564787,3
1485530192268103942,11
1485565250432623712,13
1485591774608580127,11
1485620161988372075,7
1485648063336407429,11
1485661518710075630,11
1485673702489692596,12
1485712191399507954,11
1485720417130354855,11
1485731200980164503,1
1485731307875562468,11
1485766271145446511,15
1485902383263777656,3
1485905392313462916,11
1485985714210006445,10
1486003322318659630,11
1486082057257021307,3
1486094358788027658,9
1486124433236824321,7
1486207041951567547,11
1486247005195940577,5
1486248078259001701,1
1486258617481278507,7
1486271865759067589,9
1486273540367947075,10
1486305373137848848,15
1486397212114800839,7
1486451770262397813,12
1486452811562975036,12
1486474925705915868,11
1486563253078302829,0
1486586717840479090,11
1486604297767044676,11
1486637454825745730,11
1486731427644455883,1
1486920699332808243,11
1486924506985217386,11
1486933627577345162,3
1486937256399955582,3
1486939922294781522,3
1486962441839722624,11
1486982688022961449,11
1486986520771635185,4
1487033542069351693,14
1487073513444617250,3
1487101904589011009,7
1487133283896485053,12
1487136576499855206,11
1487137404501987450,0
1487191386679095611,15
1487208456581449597,15
1487237107917146985,7
1487276129564272902,3
1487291582005703788,12
1487351324787591716,11
1487410797929983595,11
1487648950274465504,7
1487669786085738885,1
1487692022071375807,7
1487700116600631114,11
1487758749855840008,12
1487764162729449243,7
1487771719334265405,5
1487790717111603792,12
1487793884930024088,12
1487795156524553934,0
1487804033967358231,0
1487818675383698292,1
1487820373438268182,10
1487880090135166639,13
1487892348695282028,12
1487913905613979517,13
1487914641380313900,14
1487965066018567876,11
1487981307995139775,11
1488002899094619456,11
1488004415829275016,9
1488015190246260861,15
1488076236868704001,15
1488132481164948432,11
1488336698443438709,11
1488475764483844110,5
1488484904308008266,7
1488501586807781330,11
1488557231759389818,7
1488588290647068827,11
1488614760297347737,11
1488663191460983363,7
1488680021474038905,11
1488681782301383457,12
1488685052315194490,11
1488708007150772924,14
1488735684752776399,10
1488743865266713240,7
1488758415377928937,11
1488772622314687458,5
1488781038764494206,5
1488800659527260875,14
1488836029311159680,14
1489101942472385431,11
1489163533339513944,10
1489250497808043594,15
1489251465525002911,11
1489280841528315002,3
1489308586471534315,3
1489313881933768921,3
1489347229476527267,7
1489352604848324274,11
1489395287237721519,11
1489400988293631765,11
1489401204334206772,0
1489413869418525312,11
1489476596417131399,1
1489629354771647002,11
1489757798345107876,11
1489782702200004040,11
1489868583838062051,7
1489874357342705972,5
1489953291963622587,3
1489993115504973631,0
1490036018297420343,0
1490056644221032914,11
1490092302619828948,11
1490144919243017219,1
1490151115539555415,11
1490186272452038954,12
1490224654028443118,11
1490246663757976231,11
1490401946766118831,3
1490506797258342472,5
1490523636238337598,3
1490573954842646892,7
1490581828759646988,11
1490623036155393730,0
1490628894612682714,11
1490635281038077564,11
1490653614543989705,0
1490683284901742787,1
1490683479852804857,1
1490696530464588690,14
1490705442164809572,7
1490731134481059089,1
1490732635322617383,1
1490772771533038062,0
1490812027890096348,5
1490833808391366180,15
1490873771954637924,1
1490897078104053643,11
1490935518057676157,5
1490987390349360955,3
1491229403979621149,9
1491233503777325139,15
1491239216211726865,3
1491341717809962997,12
1491346194883649535,11
1491349225015323752,13
1491393079750577523,1
1491479434890676509,15
1491481133204051958,11
1491645538621126572,11
1491675259280766319,0
1491780632616228754,11
1491951080477222908,11
1491956437837235373,0
1491963157134626331,0
1492026526605280161,1
1492035019771938258,3
1492091009094964491,3
1492120929403753643,7
1492129624903143917,11
1492190625179876444,3
1492231770817744240,14
1492265530148080236,5
1492266450556602009,10
1492268671129244614,3
1492302106166529788,12
1492368444995696324,11
1492376970200300469,0
1492401373588888071,11
1492422634085250689,11
1492479614737537350,11
1492751531146946798,9
1492838679931901074,11
1492846907803718817,12
1492901619138199073,7
1492906447170467479,7
1492959029876132165,14
1493043548523740411,3
1493112746867941713,3
1493338646234954255,15
1493363951693371974,11
1493375576173979793,15
1493390647812741346,15
1493390935735452335,11
1493442921083211005,1
1493445634277648894,15
1493461242033715584,11
1493487554046188368,0
1493507532211587939,7
1493540736519655610,3
1493545324927057087,7
1493567496082607350,14
1493588823443258508,0
1493643554957920541,0
1493824747421279905,12
1493853003524762738,11
1493862861008761443,11
1494203067399129905,15
1494252645495875144,14
1494264826681830837,11
1494385913008187962,11
1494391597960365758,12
1494451302434379869,12
1494509976158971607,9
1494522194527743037,11
1494609097987639995,11
1494905531038509353,1
1494911604535973464,1
1494920016525350278,1
1494921044216733783,10
1494923585350035862,1
1494926889609859156,1
1494929770737527621,1
1495051699989648334,1
1495053000789841132,9
1495087684228963180,3
1495091544434676161,11
1495142492710675139,3
1495178312072251439,14
1495231493725980461,11
1495253876825065608,11
1495263446779764249,11
1495293490150718917,0
1495309400030277179,14
1495335915360335041,0
1495597000678805016,11
1495619374028449574,11
1495658133098556565,7
1495674994581067937,0
1495689895682571956,9
1495738107666453275,14
1495748686893418204,9
1495778677494461553,11
1495793620162935095,14
1495806404267839862,14
1495815429019762882,3
1495834055347782611,13
1495844912962010524,14
1495892561926660080,7
1495905339978239950,11
1495926638625364516,15
1495998204557054048,11
1496051645910374941,12
1496068189582500093,11
1496261950021070798,11
1496325443558518672,11
1496342668059723782,3
1496345247508241344,3
1496352131970423886,3
1496370060502653395,3
1496372882286205060,3
1496377021296900045,3
1496378045837340937,3
1496379148375796868,3
1496380401544264841,3
1496424108444933190,11
1496492717335107454,11
1496502235247051702,11
1496580626565515397,0
1496590488905089534,0
1496595845927399714,11
1496632334346884127,4
1496693338135819304,12
1496757197223531221,11
1496801413247901002,7
1496885624993345611,11
1497100488790164786,12
1497102917618890911,6
1497165470868323656,15
1497186624913384574,11
1497187201438538740,1
1497193484403289223,11
1497211062554630783,9
1497227013706478549,1
1497269349039428547,14
1497280594035864540,15
1497295603155636763,11
1497309358080750360,1
1497326415319690288,1
1497741653389157491,0
1497829884640771795,12
1497842293078850072,4
1497853491956019366,11
1497864380646920921,6
1497873455663210559,11
1497885261326284455,14
1497887210733959391,12
1497964934742022753,3
1497974684205728439,10
1497986315640902760,11
1498081498565958874,11
1498122161307377979,0
1498133581234483484,11
1498205590453819097,11
1498229442123560338,11
1498501701541337971,11
1498582925307249097,5
1498619921558158114,14
1498695401649689316,9
1498696703499583955,9
1498698068006789322,0
1498699213959446757,9
1498702085720675201,1
1498765950480450269,3
1498784552302915833,13
1498786518046022087,9
1498790668442157637,9
1498798773326698406,11
1498806487419519858,0
1498833237248935841,1
1498868475731074722,12
1498882790171237665,1
1498894896101523287,11
1498898079936498598,11
1498902117411879955,11
1498909277305061560,4
1498978722253783227,11
1499003086534952464,11
1499090960978879787,13
1499235839722902640,11
1499253683729162823,11
1499265190926442002,11
1499296625006599468,11
1499400631922961766,12
1499441611704031356,12
1499443807011892397,12
1499480535900806239,11
1499525797564826919,15
1499526923767426484,7
1499528368305061403,0
1499533770025257510,6
1499534165728985871,0
1499538193137885895,0
1499617680062289664,11
1499652248170824472,0
1499663783170155092,11
1499711206024315461,11
1500070788263741014,1
1500086577104039277,1
1500091929702276354,1
1500093783290044947,1
1500138661786006933,11
1500186239248139772,11
1500200716150944814,3
1500271975088254142,11
1500274409123847105,5
1500343101054632378,14
1500561634360110197,9
1500786760967076712,2
1500805941572235131,7
1500814656063983118,14
1500817136864181458,11
1500842116412052308,11
1500872834464175065,11
1500962284151498214,15
1500999644019694809,12
1501002831728575139,11
1501007297439409612,11
1501036763395869625,11
1501061942370344826,11
1501074935803642433,11
1501440574016774982,11
1501445131326899425,0
1501495667864503067,11
1501554344162713827,5
1501579799569015633,11
1501586684423799507,11
1501657102287483799,12
1501697810611027765,0
1501700152406754802,11
1501763541223513748,12
1501818026741874704,11
1502175202354739778,11
1502183972435243976,11
1502184005943831203,7
1502194067211682663,11
1502256447419360236,9
1502262158685549783,0
1502263018759265660,11
1502267912251818185,12
1502268065486839447,0
1502298627072464542,10
1502315049363499314,0
1502327516152408112,10
1502328021071572230,11
1502336174376690687,11
1502355777639685270,11
1502408203751621888,14
1502414384830247376,11
1502423657883361196,11
1502493679310301161,3
1502547278917962311,14
1502588464580840028,14
1502710346655502957,0
1502828214742560485,11
1502865237007622021,14
1502876799394552726,0
1502904752187118042,11
1502924955406058692,0
1502972689124862876,15
1502977270045215452,3
1503007265313417841,11
1503013622123290305,11
1503018199915052065,11
1503055885835632063,0
1503073850721270957,1
1503078218229873052,11
1503101939500803340,0
1503148942523262524,11
1503184881920428979,14
1503228791557701853,7
1503240309956195111,11
1503335886202665885,12
1503636662128487706,11
1503700863977455059,1
1503705166720266875,3
1503710437420413985,0
1503753205109997832,0
1503759757067172074,4
1503776138725159762,7
1503838263781382729,11
1503925856639495034,5
1503971081339472810,11
1504372071259152572,0
1504489183452590014,11
1504568149568601515,0
1504585745423821240,7
1504673672448639136,0
1504785963115528238,11
1505010296768311787,15
1505081044174519106,11
1505100597511928999,11
1505129035573925335,12
1505134969011540666,0
1505139937245603652,9
1505249101205659886,11
1505313158198491980,11
1505363930536134616,0
1505372613070548365,12
1505405267120415733,7
1505451658273495271,7
1505472659911836487,12
1505500441852455469,11
1505758881944482472,0
1505811112500925597,4
1505904461522997374,12
1505914958958905285,8
1505947315337061300,0
1506046995686874262,11
1506069951848793919,0
1506105712556685070,11
1506135680370417745,10
1506158168385334108,0
1506161572938334656,1
1506224865436183388,11
1506499264397187800,15
1506664765638463943,11
1506723898485208763,4
1506724899646657765,11
1506725550650187383,13
1506759059147628310,11
1506784648060834844,11
1506816040538660857,0
1506912521697883489,6
1507187076557062409,11
1507232246166201367,0
1507384340144263817,11
1507564571988155242,11
1507601790217961833,14
1507693838181231702,7
1507957641784105701,11
1507969420341974134,15
1507972634156520484,15
1508058492675018169,14
1508061675528764321,3
1508075873451213630,11
1508081358373694721,6
1508118214386432534,7
1508157409941168069,11
1508160328385000380,1
1508263225738603998,11
1508273846159880092,11
1508283427742351151,3
1508293535983806293,3
1508313101076539514,11
1508313180044386944,0
1508333997185984197,0
1508394009496833883,11
1508470365733775123,1
1508716094493245129,7
1508719868469404314,0
1508729288411009904,0
1508775381209930510,12
1508780672060572299,7
1508846547454131422,0
1508864235382460875,15
1508874281519530653,11
1508920109576295986,0
1509020184672532052,11
1509056273207955744,11
1509442616784134820,11
1509536049448972500,11
1509584209896727936,7
1509663892595911420,12
1509692475898016309,1
1509754077298521682,11
1509831808838656794,11
1510136764062741538,1
1510140582107232641,11
1510181066496408024,11
1510227873740862502,0
1510315981028471163,11
1510479683628744164,6
1510487117940456993,14
1510488563277979094,15
1510490438418174652,14
1510507633902081895,1
1510509862401274160,1
1510510991533198511,1
1510512670772814673,1
1510513181889032515,7
1510518063230362295,11
1510526931211964419,0
1510547188802091298,7
1510869515890475226,15
1510902579451388984,9
1510918070630911944,11
1510951637765150391,1
1510957997678326105,3
1510984962092900600,15
1510991980308434770,11
1511030806162246642,15
1511052873667718566,11
1511099843050070580,12
1511112321020653931,11
1511145256601681344,1
1511147871029829322,1
1511150087777009589,10
1511152452708528495,9
1511152809130804318,1
1511198763824054403,7
1511267574152324998,11
1511355516181845911,11
1511476522059053532,15
1511554663359558248,11
1511560079169370021,11
1511651814933211840,11
1511663231696712381,11
1511683563882403515,11
1511695538759253612,11
1511709433561786535,11
1511720355822149937,11
1511725174618880156,12
1511754478007635385,10
1511805334769525269,9
1511857984389791925,7
1511859440803694400,11
1511864645492063016,11
1511877646644239278,7
1511910237253304310,6
1512079249026637598,11
1512345488147273914,0
1512350673481443799,11
1512415086332701725,11
1512418191661045940,11
1512433537710589538,11
1512443390846809620,11
1512454926216525615,1
1512458978256059051,0
1512469544162884272,15
1512520076636105713,15
1512558184808507297,5
1512687400263063707,11
1512698159265123149,11
1512730136879183688,15
1512736599534980382,1
1512737753220201712,1
1513020789064634430,11
1513054457276879339,11
1513078097875178053,11
1513137676878280025,11
1513170059197025327,11
1513187073067727123,11
1513199118978076100,13
1513316184878305849,11
1513329854931654461,15
1513368164970929130,11
1513396739598696257,11
1513551332791589517,11
1513687870803824808,7
1513735598863834471,0
1513771480204372228,0
1513795372686191079,11
1513847102794469526,9
1513864640106728362,7
1513867209538297212,0
1513872155079735977,11
1513878283676132515,6
1513884772552649348,15
1513916119847893773,9
1513923079187531131,0
1513929060111701222,0
1513938268435105825,5
1513939388635408580,12
1513953007180418830,0
1513961226003245470,11
1513973982624917238,11
1514002998977641436,5
1514111110303867331,7
1514120481973677846,7
1514151898249224182,11
1514179421381153323,11
1514463518464650854,12
1514482655883920283,7
1514607768173267098,0
1514664527171650476,6
1514765452397217320,7
1514774677896112273,11
1514795678313599022,0
1514848931241543961,11
1514849513239373043,11
1514901572102893182,0
1514934734667347448,0
1515045284022260710,11
1515219485574487927,11
1515235055920667779,0
1515261544512727792,11
1515264287726666947,11
1515278948875133192,5
1515281569214019932,11
1515299818164645773,11
1515397395557624824,11
1515400519746792370,2
1515424307615248260,11
1515428257065395810,0
1515480817711321499,0
1515526014257116813,12
1515538697662210129,15
1515596124217998043,11
1515870739630487300,0
1515926753692405529,6
1515927252469457806,14
1515961693255187290,1
1515964903391991269,11
1515976110615152147,1
1516058288263813410,5
1516062515178681732,4
1516084375397727518,7
1516197051432813888,7
1516236937945356581,3
1516243188950404080,11
1516335010678807226,11
1516682166773678930,5
1516686055965421438,3
1516711086537695386,11
1516726548045264552,11
1516740363940319479,14
1516780524711431787,11
1517365662423400967,1
1517375246358115489,1
1517385572379252019,1
1517411089663136687,15
1517420321937512009,7
1517546888925057970,11
1517558592748767503,11
1517576415139823802,1
1517585020631133667,12
1517627476812791125,11
1517762415952292292,11
1517792413518888186,11
1517796944816890012,0
1517921015438925697,1
1518099463965244312,11
1518109316882138860,11
1518235908176602436,11
1518250460479447333,0
1518282478757347975,14
1518314988029881886,11
1518364956187153652,11
1518377031010841995,6
1518401052200013327,11
1518402343610725087,11
1518444114534491627,11
1518478308745331127,11
1518480149967818901,11
1518483340912590432,14
1518846772771950876,1
1518859889736651961,1
1518905937696121945,7
1518933848675472696,3
1518954128388680940,6
1518987012820891922,15
1519003309006396011,11
1519003730156006466,12
1519008332986511655,12
1519073369205414869,1
1519085615953760287,15
1519092623312879528,11
1519189451496361545,11
1519205563545604070,3
1519205569732024088,12
1519205728762050598,11
1519229170076138792,1
1519233689825439513,1
1519268805355143659,1
1519271772058202588,7
1519271797712920392,3
1519588044969876504,3
1519619193957496980,3
1519736057300331335,11
1519765187287274247,11
1519789194366168713,14
1519986617032273530,1
1520283183746786524,7
1520325173841834883,11
1520356611836604860,11
1520502221506288139,10
1520556710482196684,9
1520561455317952249,11
1520564097577406002,3
1520582006258369964,7
1520587293029429099,14
1520642534664458102,11
1520646459534868322,7
1520682777407921759,11
1520721325407099983,11
1520746600440290006,11
1520782492626052570,11
1521005042284820828,11
1521016816770053862,15
1521032887015096747,3
1521033758907338943,1
1521091497489883046,11
1521094450805233487,11
1521102286672851150,11
1521102974874992915,3
1521104792909413876,3
1521106242005158148,8
1521110387989306604,13
1521110627988850950,8
1521124507425635889,11
1521131390606776294,11
1521155923750340093,1
1521191632949632243,14
1521192659345512776,11
1521203013588396280,15
1521250027691482829,7
1521260924151934490,0
1521262676764064117,11
1521320282002663573,7
1521409681714598426,12
1521418464182899424,11
1521420511224144197,11
1521731563957170668,7
1521746136223201208,0
1521758969600058747,0
1521775770497312588,14
1521788710008414163,5
1521814430145525210,11
1521844976205314856,5
1521870943672614518,11
1521870996142319524,11
1521875350250522865,10
1521899285662656030,11
1521965476406744324,0
1522045674268296527,11
1522224979255499663,11
1522359951213228221,11
1522372875748740102,3
1522373301900663547,3
1522416510958380024,3
1522427224388516744,1
1522455530676967264,11
1522466180061712443,11
1522482949883446536,7
1522487120572941683,0
1522511455030519348,0
1522563646092225928,11
1522573467066035658,11
1522578597216767859,11
1522617965980039364,4
1522620333900571613,0
1522626312134904621,3
1522668450583817415,11
1522690795966174843,0
1522696564103721283,11
1522697849826039107,10
1522723954397076569,12
1522732035062483433,11
1522760719351803224,3
1522809403053806594,13
1522813253998071156,1
1522825489464422714,1
1522868495918742784,1
1523095900605326852,0
1523159514460318883,11
1523173194756613805,11
1523206161861462927,5
1523226849081694654,11
1523283872332163800,11
1523331132654107427,7
1523338486207316528,1
1523354973003291151,11
1523369013902294176,7
1523371273543641729,12
1523405045256102750,11
1523413222344425824,11
1523418894789003651,12
1523456593258857788,11
1523489268390624880,2
1523496403270153507,11
1523501730606564101,11
1523502314752255693,3
1523571733593008801,11
1523641450343540944,5
1523827952513161680,11
1523840039809143966,4
1523912561583080319,13
1523917882886408091,5
1523957193193088948,3
1523969203775145932,15
1524008429215185370,3
1524042842533234067,0
1524044654390110781,15
1524104598231011750,10
1524109636472233951,11
1524109726295112538,10
1524128278030248609,11
1524173514772474952,11
1524272279609846726,0
1524276865676249982,11
1524370368475327172,7
1524526775019194951,11
1524533162744398987,12
1524625896923788885,11
1524654285431694310,4
1524687027427936461,1
1524744836371920544,5
1524755044778440289,11
1524773387683019307,3
1524799740517466955,6
1524824550532149967,5
1524826370206653653,14
1524847904727654941,12
1524870984963516531,6
1525028499003325889,11
1525332118952904367,11
1525372877590688626,0
1525382305826838234,12
1525477836816479945,11
1525509908012054014,11
1525531912176727020,6
1525545509528207785,11
1525546874980139784,11
1525557736879832997,12
1525574669981261391,11
1525598102173667849,11
1525614296525761449,11
1525626942084242620,3
1525627194691250875,0
1525744015729305746,11
1526061826780553640,1
1526089624082114721,11
1526103828863720611,14
1526120826207453279,11
1526187848972072093,11
1526193011843807774,0
1526201512907658262,3
1526206915347394532,11
1526212539110559806,3
1526218198318529219,11
1526286233676708160,12
1526362414167785584,11
1526513100489419156,11
1526514216501955611,7
1526530331809937038,12
1526630357069651535,14
1526707526435802574,11
1526743543611197380,14
1526816039275562694,11
1526843217083784878,3
1526845146397502398,14
1526926047972727243,5
1526932194080707166,11
1526976215935977630,1
1527008182031025399,11
1527019766635358231,11
1527027727509369582,11
1527029056016362664,1
1527055191373824246,11
1527081308629360462,7
1527111978112640618,9
1527176261818011549,1
1527181831236949191,1
1527183625816820951,1
1527247325962600130,11
1527358745092590221,15
1527453867097639302,7
1527485170430819887,9
1527524594956236369,11
1527544747240876012,1
1527633493148381570,11
1527651087110481576,12
1527672108641003414,11
1527678149246642241,3
1527706566052292472,11
1527748201327890581,13
1527795828420136388,3
1527819903133075656,11
1527821170505284824,10
1527829357017224705,11
1527831467582964985,11
1527833407041809801,11
1527835425164195333,11
1527843964566355765,15
1527883627619573601,11
1527909834325091524,11
1527942087176447577,12
1528003170067624141,10
1528025544568228047,15
1528069251927005431,15
1528132294887975132,0
1528208964365254106,11
1528242083280881341,0
1528319659191698550,10
1528381279595371907,11
1528448060374280551,1
1528478604906522178,1
1528516460720031846,1
1528520076936672749,11
1528520164470368921,11
1528524516589645374,1
1528605609396392919,7
1528927151613320284,12
1528928829256215217,0
1528955285542214700,11
1528959443690617905,3
1529024504617410218,11
1529056761292703282,5
1529117665393573398,12
1529127007526813007,3
1529341942777724110,11
1529351787661888035,12
1529369858378112201,11
1529515266573807521,11
1529712464624678486,3
1529716150985376434,1
1529719187384430737,7
1529719580020030923,1
1529745132968356638,11
1529831563345159858,15
1530031837087050271,11
1530054416798780646,11
1530186867781026328,11
1530189255568288779,12
1530211549963032015,3
1530236904672952508,12
1530500049924016589,3
1530588072005979940,3
1530596060269020994,6
1530600605555603607,1
1530627098033532205,11
1530635461320876840,3
1530656330157594099,11
1530679726802549261,7
1530690259473920056,6
1530745517420472043,7
1530779770184473761,12
1530801457936272265,12
1530808214212472236,12
1530839645739044454,11
1530871659273696725,1
1531155561527319747,11
1531202884238191157,15
1531269082812510808,3
1531335970214922759,7
1531345319627414200,0
1531374926065779019,11
1531432889560996795,5
1531486604185626830,11
1531494149073534516,11
1531525242648220256,12
1531525912644141754,11
1531547564542377921,11
1531566847243922709,11
1531575329525657262,1
1531863341151782473,12
1531885495028411363,1
1531901258219576920,1
1531912430736299358,1
1531921708212872595,1
1531922719208360683,5
1531959444341740687,15
1531982016696169492,15
1532051496170038884,6
1532078828361691805,1
1532108942796114626,11
1532119397664263855,11
1532131505595074310,7
1532133322942408381,11
1532142025996823910,4
1532161427076341105,12
1532184226876029859,11
1532196079451294252,0
1532200923100776394,5
1532221156783226536,1
1532223453446967235,0
1532233483036435236,11
1532241490691819495,11
1532242990564452869,3
1532260671637482851,11
1532321340633225790,11
1532573091383458587,15
1532612670657955805,0
1532614920914420302,1
1532622381098658112,1
1532682485747834799,11
1532702904321258977,11
1532778804685900300,12
1532911004330531034,13
1532913203780533966,5
1532971114397171859,0
1532984619539746835,11
1532996029439251677,11
1533005015925010751,11
1533069178259796045,0
1533072427278251277,0
1533102355617582872,3
1533147486219650038,3
1533263165455547922,12
1533352422535888130,11
1533360158389149283,7
1533386036352565609,3
1533441125446640527,11
1533555234004489051,11
1533575671610126980,11
1533594228643189156,11
1533611957897990142,11
1533657164594218169,11
1533664768013891647,12
1533678395342443655,11
1533688581078004623,11
1533694245289108048,12
1533836855321993375,11
1533965462016278291,11
1533979132522958995,11
1534029254552718774,11
1534106089462529123,11
1534128142106938214,9
1534138630867780674,3
1534174240045583084,0
1534193773683567160,3
1534249115979598357,11
1534249718226458594,11
1534319830328516338,5
1534324850511845499,3
1534400036728676411,1
1534785869142308094,9
1534820540047539040,11
1534884220343678392,14
1534894895833670957,11
1535038554743872971,14
1535040936728453394,14
1535108428696801184,11
1535191778135699206,1
1535199242399343554,7
1535214752137762742,15
1535218021870975398,7
1535220335876156510,5
1535225361309882938,3
1535231982584598254,7
1535241547878094409,7
1535314250907539848,5
1535486911488481738,0
1535510110710020909,5
1535612716782263563,11
1535777459668408672,11
1535799980007511534,3
1535814307849014103,11
1535858113421367824,11
1536214735183031025,15
1536228098170089180,12
1536270901005741962,1
1536312088032255447,3
1536463521366032230,15
1536501502955563572,11
1536538062336378199,3
1536660017423987195,11
1536936916868225458,11
1536965350158902675,5
1536974603302338371,1
1536985613584861130,1
1537037644766019827,3
1537096984828184896,11
1537139493158015103,11
1537141019372920921,11
1537172389396799864,11
1537173936365851139,11
1537237882252560945,12
1537294159617567437,7
1537308166719712828,11
1537314767032449205,15
1537359789780360667,11
1537388943216282639,3
1537436650353436975,15
1537579540364146285,15
1537595894767313726,15
1537710033372882621,15
1537738262991971063,15
1537788201353628651,10
1537799382452007308,0
1537887849586828928,7
1537914044325629494,11
1537924991448136613,11
1537928000417062096,1
1537939921845248361,4
1537944457986658873,5
1537963709080365160,11
1538011703601316179,12
1538073882786831978,0
1538287434588669478,11
1538326482579076998,11
1538386008460870782,11
1538431298384187820,5
1538444031364397191,11
1538549509260747438,12
1538556462658087311,12
1538559242114719162,7
1538566990602182276,7
1538581104008406387,3
1538681484238691509,11
1538684087721383663,1
1538702494774196729,9
1538712107509843501,11
1538714525751156858,14
1538738235716029027,11
1538850415753426715,3
1538872351309012303,3
1538983065934362788,3
1539204271995472070,6
1539237701285636956,11
1539258951345739142,4
1539263883385657154,11
1539331325761737723,3
1539382799976620512,1
1539482298029559984,12
1539571028259694228,12
1539817817133404359,3
1539940639861191081,3
1539947526202796734,13
1539980556083701933,12
1540133113542720490,13
1540158965330731021,14
1540186180948496993,7
1540187136502408010,11
1540193244426672616,11
1540202098802871098,14
1540244097268111935,15
1540533966690471598,11
1540616960793991405,0
1540620675646937682,11
1540673568924042888,3
1540708081609138455,7
1540725277965976189,11
1540775866985799910,7
1540851763922083336,12
1540882995613973377,11
1540959922535363978,15
1540962784954528917,3
1541110278219781160,14
1541218995602388253,1
1541324080456174660,6
1541339503279646081,11
1541355618710749533,14
1541364446812616346,11
1541409024406177469,11
1541411622050347801,14
1541414932116534274,5
1541424505119873443,7
1541430164634522843,12
1541447512240426872,13
1541456529468602022,11
1541458649840349004,0
1541484563066728991,11
1541491323669980192,12
1541511781623348051,11
1541518303449769708,3
1541613973467151331,11
1541638412948804908,5
1541656917898880777,7
1541662564157835369,11
1541663657086419697,12
1541665241221632562,15
1541670063462377418,3
1541896177170539497,5
1541972400249097801,11
1541988552721979016,1
1542055683168224494,13
1542060780848908086,3
1542087175026136541,11
1542131572569805399,11
1542173722644323404,11
1542180747392917105,11
1542199026872854415,1
1542204087528917859,11
1542278520725022920,2
1542349616815141261,11
1542367476987362627,14
1542372657320856533,5
1542444739351599861,11
1542463569973311900,3
1542736269971131768,2
1542748723431965450,11
1542759830893519724,11
1542803914299220934,15
1542845655826338215,15
1542852915295919062,15
1542887211830841171,14
1542891706281181223,14
1542964866842022479,11
1542971862712180456,11
1542985716780067711,1
1543012261842767055,11
1543018505612656678,7
1543025261942633116,11
1543028824962463639,3
1543039413800850006,11
1543147414462220842,7
1543154404705598450,11
1543324620594770820,12
1543436713637867781,11
1543495789538972595,2
1543572609321526945,11
1543605498222459737,3
1543621327024441948,3
1543626953908813227,5
1543669186198500710,11
1543727228348667556,7
1543743672384274693,11
1543751169035034571,11
1543777659228697697,11
1543817678780091513,9
1543832108150503477,11
1543897098582793783,11
1543899719198569464,11
1543909956670403127,11
1543914539860140938,11
1543918515324402504,11
1543923014116071521,11
1543972205212460158,2
1544165716159320991,0
1544178448603799928,11
1544184455462085032,7
1544224996752422997,3
1544266602137648823,11
1544268965489452414,11
1544279052146744933,6
1544291564545024015,14
1544304267313722304,0
1544305678624434407,5
1544371173309273777,11
1544425729507417376,11
1544455820648741554,11
1544565762219124713,7
1544729887882819076,7
1544734071182286153,7
1544821908852859323,6
1544824963464595400,6
1544950648692354436,15
1544950850126481872,12
1544961916098940639,3
1544965429567895756,11
1544973682349721955,15
1544986318146790037,0
1544990527330340278,15
1544997094282901987,15
1545004136252735428,15
1545004381015339948,7
1545013253415428211,15
1545055619919837798,7
1545105069718247955,11
1545151850893230153,11
1545232688404569935,1
1545238331183471160,11
1545245281480506005,3
1545280113728892351,11
1545339383328514879,11
1545403270636442828,11
1545580676540817211,15
1545680738149347810,3
1545723029692404246,11
1545734517698776365,11
1545791029009363130,15
1545814683207223323,11
1545885623723580627,11
1545926941963693780,7
1545931215208991586,12
1545949038096011454,14
1545992784202410463,7
1545994970951476405,1
1546014274755746378,11
1546385417103943466,0
1546386651720766377,11
1546388440070723940,11
1546393399408156736,11
1546394076323562067,12
1546415027637617081,11
1546441794156081154,11
1546442131077672641,15
1546447029351240300,1
1546450066533077490,11
1546501345583312819,15
1546589654489339628,11
1546679801752530985,11
1546682248617581011,5
1546694955037934779,11
1546777442981513140,11
1546778424723792658,11
1546811178250607510,1
1547034850118597075,11
1547051826560254438,14
1547156411327666763,14
1547205258336446388,11
1547226722162693788,5
1547281914968424570,1
1547302530657996510,6
1547313543023924472,14
1547332253277575465,3
1547344828451464361,11
1547351697680228217,11
1547352038269744221,3
1547382165652340298,0
1547405565274807844,11
1547407534750787041,6
1547411827893796605,11
1547458237176905907,12
1547465038477150549,14
1547466986690052292,14
1547467612211666201,11
1547468632296494358,14
1547480787966636296,1
1547591295319815563,7
1547820942419315638,11
1547894458750493904,11
1547904748851199121,3
1547922634217917816,13
1547939682813052436,7
1547993376016458976,11
1548006703895941681,0
1548063496017999802,6
1548069486635505480,10
1548084881771859699,11
1548112398843094315,11
1548144957828658937,11
1548150866621321502,2
1548161540914420473,5
1548179819637878938,9
1548185191030597104,3
1548558457112466778,3
1548578876899575322,11
1548586464102339046,13
1548655546034614020,3
1548660546713908087,7
1548668107961164767,11
1548703329931816519,11
1548704191567353751,1
1548717964072826573,1
1548724728000766242,1
1548729008020467326,1
1548775119447709319,12
1548803552661954101,15
1548807378732578707,3
1548869700582799636,1
1548943895095994894,11
1548955749536518372,12
1548971966869056498,11
1548992063080316317,4
1549037303220691712,10
1549143380588548028,0
1549270289514317249,11
1549323711617805408,0
1549362293860262312,2
1549365327169760365,11
1549390114932329954,3
1549505842508939879,11
1549564280169735783,3
1549576421985843808,3
1549588569728679284,12
1549609255025906972,11
1549636300031472692,3
1549640739805296563,12
1549642775738129410,3
1549661316157149885,3
1549692099680824234,15
1549699128767787896,9
1549738292155415623,6
1549770599114612756,15
1550013745284194828,11
1550051631883410691,1
1550079492228551186,1
1550093324502176120,1
1550101433044359056,1
1550112501974915397,1
1550242562197746933,13
1550243963938954800,10
1550277099705748472,5
1550318466548398412,0
1550367053350942389,11
1550670005923547204,12
1550693959693558395,11
1550734393191102082,11
1550799648318847350,11
1550814829280602081,11
1550895880112465724,11
1550897343344596505,7
1550917209606726448,12
1551000073416804187,12
1551052275990864691,3
1551052640551232964,11
1551061164588133459,11
1551080324373471900,3
1551091041522376287,3
1551189432035235659,14
1551251861012383475,7
